Carte,Date,N° Ticket,Lieu,Produit,Kms,Quantité,Montant,Date facture,N° facture
"482107","27/03/2026 14:39","1754","Total AL BOUSTANE","","0","40","515.2 MAD","/Date(-62135596800000)/",""
"482107","27/03/2026 11:10","1750","Total AL BOUSTANE","","0","40","515.2 MAD","/Date(-62135596800000)/",""
"476452","27/03/2026 10:57","1749","Total AL BOUSTANE","","330778","56.37","726.05 MAD","/Date(-62135596800000)/",""
"482107","26/03/2026 14:55","1742","Total AL BOUSTANE","","0","48.14","620.04 MAD","/Date(-62135596800000)/",""
"420178","26/03/2026 13:08","4605","Total MALAKIA","","0","29.59","399.8 MAD","/Date(-62135596800000)/",""
"482107","25/03/2026 15:00","1724","Total AL BOUSTANE","","0","52.41","675.04 MAD","/Date(-62135596800000)/",""
"482107","25/03/2026 12:24","1717","Total AL BOUSTANE","","0","20","257.6 MAD","/Date(-62135596800000)/",""
"482107","25/03/2026 09:27","1713","Total AL BOUSTANE","","0","20","257.6 MAD","/Date(-62135596800000)/",""
"476452","24/03/2026 17:41","1709","Total AL BOUSTANE","","329934","46.59","600.08 MAD","/Date(-62135596800000)/",""
"482107","24/03/2026 17:02","1707","Total AL BOUSTANE","","0","46.59","600.08 MAD","/Date(-62135596800000)/",""
"477036","24/03/2026 09:47","8253","MAHATTA RELAIS BOUREGREG","","0","55.17","710.04 MAD","/Date(-62135596800000)/",""
"378495","24/03/2026 08:39","1694","Total AL BOUSTANE","","0","7.76","100 MAD","/Date(-62135596800000)/",""
"482107","23/03/2026 16:57","1692","Total AL BOUSTANE","","0","44.65","575.09 MAD","/Date(-62135596800000)/",""
"482107","23/03/2026 16:54","1691","Total AL BOUSTANE","","0","40","515.2 MAD","/Date(-62135596800000)/",""
"477036","21/03/2026 22:43","5545","Total Les Remparts","","0","61.84","870.09 MAD","/Date(-62135596800000)/",""
"378495","18/03/2026 21:35","1154","Total RELAIS LARACHE","","0","31.06","400 MAD","/Date(-62135596800000)/",""
"482107","18/03/2026 16:44","1657","Total AL BOUSTANE","","0","47.37","610.13 MAD","/Date(-62135596800000)/",""
"476452","18/03/2026 15:27","1654","Total AL BOUSTANE","","329261","54.35","700.03 MAD","/Date(-62135596800000)/",""
"482107","18/03/2026 10:24","1639","Total AL BOUSTANE","","0","100","1288 MAD","/Date(-62135596800000)/",""
"477036","17/03/2026 22:55","3678","Mahatta - RELAIS AL BAID","","0","55.51","716.08 MAD","/Date(-62135596800000)/",""
"502815","17/03/2026 16:26","1635","Total AL BOUSTANE","","0","37.19","479 MAD","/Date(-62135596800000)/",""
"482107","17/03/2026 14:40","1633","Total AL BOUSTANE","","0","40","515.2 MAD","/Date(-62135596800000)/",""
"482107","17/03/2026 10:36","1624","Total AL BOUSTANE","","0","20","257.6 MAD","/Date(-62135596800000)/",""
"477036","17/03/2026 09:50","7774","MAHATTA RELAIS BOUREGREG","","0","75.37","970.01 MAD","/Date(-62135596800000)/",""
"482107","17/03/2026 08:02","1623","Total AL BOUSTANE","","0","40","515.2 MAD","/Date(-62135596800000)/",""
"482107","16/03/2026 15:18","1615","Total AL BOUSTANE","","0","40.38","520.09 MAD","/Date(-62135596800000)/",""
"482107","16/03/2026 14:20","1611","Total AL BOUSTANE","","0","52.8","680.06 MAD","/Date(-62135596800000)/",""
"482107","15/03/2026 16:28","1602","Total AL BOUSTANE","","0","40","515.2 MAD","/Date(-62135596800000)/",""
"476452","15/03/2026 12:30","1599","Total AL BOUSTANE","","328429","64.29","828.06 MAD","/Date(-62135596800000)/",""
"482107","14/03/2026 16:05","1580","Total AL BOUSTANE","","0","40","435.2 MAD","/Date(-62135596800000)/",""
"420178","14/03/2026 15:43","7561","Mahatta - Relais CHAOUIA","","0","43.52","500 MAD","/Date(-62135596800000)/",""
"482107","14/03/2026 08:08","1577","Total AL BOUSTANE","","0","40","435.2 MAD","/Date(-62135596800000)/",""
"482107","14/03/2026 08:04","1576","Total AL BOUSTANE","","0","45.96","500.04 MAD","/Date(-62135596800000)/",""
"502815","13/03/2026 21:36","9614","Total AGUEDAL","","0","51.86","560.09 MAD","/Date(-62135596800000)/",""
"482107","12/03/2026 20:36","1567","Total AL BOUSTANE","","0","40","435.2 MAD","/Date(-62135596800000)/",""
"420178","11/03/2026 22:18","7128","TOTAL 11 JANVIER","","0","52.23","600.12 MAD","/Date(-62135596800000)/",""
"476452","11/03/2026 16:20","1550","Total AL BOUSTANE","","327403","49.91","543.02 MAD","/Date(-62135596800000)/",""
"477036","11/03/2026 09:49","7252","MAHATTA RELAIS BOUREGREG","","0","85.16","975.08 MAD","/Date(-62135596800000)/",""
"482107","11/03/2026 09:46","1537","Total AL BOUSTANE","","0","38.24","416.05 MAD","/Date(-62135596800000)/",""
"468564","11/03/2026 09:45","1535","Total AL BOUSTANE","","0","20","217.6 MAD","/Date(-62135596800000)/",""
"468564","11/03/2026 09:43","1534","Total AL BOUSTANE","","0","40","435.2 MAD","/Date(-62135596800000)/",""
"468564","11/03/2026 07:46","1531","Total AL BOUSTANE","","0","47.8","520.06 MAD","/Date(-62135596800000)/",""
"502815","10/03/2026 16:56","1528","Total AL BOUSTANE","","0","54.23","590.02 MAD","/Date(-62135596800000)/",""
"468564","10/03/2026 11:47","1520","Total AL BOUSTANE","","0","20","217.6 MAD","/Date(-62135596800000)/",""
"378495","10/03/2026 09:39","1519","Total AL BOUSTANE","","0","45.96","500 MAD","/Date(-62135596800000)/",""
"468564","09/03/2026 17:30","1514","Total AL BOUSTANE","","0","53.68","584.04 MAD","/Date(-62135596800000)/",""
"468564","09/03/2026 07:43","1492","Total AL BOUSTANE","","0","46.88","510.05 MAD","/Date(-62135596800000)/",""
"468564","09/03/2026 07:15","1491","Total AL BOUSTANE","","0","27.58","300.07 MAD","/Date(-62135596800000)/",""
"476452","08/03/2026 14:53","1486","Total AL BOUSTANE","","326645","49.45","538.02 MAD","/Date(-62135596800000)/",""
"482106","07/03/2026 14:48","1740","Mahatta - RELAIS AL BAID","","0","69.69","800.04 MAD","/Date(-62135596800000)/",""
"468564","06/03/2026 12:32","1450","Total AL BOUSTANE","","0","5","54.4 MAD","/Date(-62135596800000)/",""
"502815","05/03/2026 23:26","6652","Mahatta - Relais de TANG","","0","33.86","370.09 MAD","/Date(-62135596800000)/",""
"476452","05/03/2026 16:16","1439","Total AL BOUSTANE","","325888","56.07","610.04 MAD","/Date(-62135596800000)/",""
"468564","05/03/2026 13:02","1432","Total AL BOUSTANE","","0","40","435.2 MAD","/Date(-62135596800000)/",""
"502815","04/03/2026 23:22","6535","Mahatta - Relais de TANG","","0","7.81","90 MAD","/Date(-62135596800000)/",""
"502815","04/03/2026 23:18","6534","Mahatta - Relais de TANG","","0","9.15","100 MAD","/Date(-62135596800000)/",""
"502815","04/03/2026 23:18","6533","Mahatta - Relais de TANG","","0","9.15","100 MAD","/Date(-62135596800000)/",""
"502815","04/03/2026 23:17","6532","Mahatta - Relais de TANG","","0","9.15","100.01 MAD","/Date(-62135596800000)/",""
"378495","04/03/2026 17:48","4591","Total LUKUS","","0","45.7","500 MAD","/Date(-62135596800000)/",""
"477036","04/03/2026 15:39","1424","Total AL BOUSTANE","","0","67.05","729.5 MAD","/Date(-62135596800000)/",""
"468564","04/03/2026 09:10","1412","Total AL BOUSTANE","","0","52.39","570 MAD","/Date(-62135596800000)/",""
"468564","03/03/2026 13:37","1400","Total AL BOUSTANE","","0","44.31","482.09 MAD","/Date(-62135596800000)/",""
"468564","03/03/2026 11:16","1396","Total AL BOUSTANE","","0","46.88","510.05 MAD","/Date(-62135596800000)/",""
"476452","02/03/2026 15:02","1382","Total AL BOUSTANE","","325062","57.31","610.35 MAD","/Date(-62135596800000)/",""
"502815","02/03/2026 14:28","1380","Total AL BOUSTANE","","0","57.29","610.14 MAD","/Date(-62135596800000)/",""
"482106","01/03/2026 18:03","4393","Mahatta - RELAIS AL BAID","","0","55.17","600.25 MAD","/Date(-62135596800000)/",""
"502815","27/02/2026 21:49","7008","Total EUROPE","","0","14.86","159 MAD","/Date(1772233200000+0100)/",""
"468564","27/02/2026 18:03","1350","Total AL BOUSTANE","","0","49.3","525.04 MAD","/Date(1772233200000+0100)/",""
"468564","27/02/2026 17:58","1349","Total AL BOUSTANE","","0","48.36","515.03 MAD","/Date(1772233200000+0100)/",""
"378495","27/02/2026 17:09","5051","Total ATLAS BILADI","","0","27.65","300 MAD","/Date(1772233200000+0100)/",""
"420178","27/02/2026 16:16","8688","Total AGUEDAL","","0","33.07","370.05 MAD","/Date(1772233200000+0100)/",""
"482106","27/02/2026 15:28","4093","Mahatta - RELAIS AL BAID","","0","78.27","833.58 MAD","/Date(1772233200000+0100)/",""
"378495","26/02/2026 15:10","1468","TEMM BOUKNADEL","","0","47.18","500.11 MAD","/Date(1772233200000+0100)/",""
"468564","26/02/2026 12:37","1330","Total AL BOUSTANE","","0","40","426 MAD","/Date(1772233200000+0100)/",""
"468564","26/02/2026 11:19","1328","Total AL BOUSTANE","","0","20","213 MAD","/Date(1772233200000+0100)/",""
"468564","26/02/2026 10:50","1327","Total AL BOUSTANE","","0","20","213 MAD","/Date(1772233200000+0100)/",""
"278315","25/02/2026 18:17","","Larache","","0","0","39 MAD","/Date(1772233200000+0100)/",""
"477036","25/02/2026 18:06","","Tit Méllil","","0","0","10 MAD","/Date(1772233200000+0100)/",""
"468565","25/02/2026 17:58","","Mly Bousselham","","0","0","11 MAD","/Date(1772233200000+0100)/",""
"477036","25/02/2026 17:45","","Barrière Principale Bouz","","0","0","23 MAD","/Date(1772233200000+0100)/",""
"256184","25/02/2026 17:31","","Mly Bousselham","","0","0","16 MAD","/Date(1772233200000+0100)/",""
"477036","25/02/2026 17:18","","Sala-Al Jadida","","0","0","12 MAD","/Date(1772233200000+0100)/",""
"468565","25/02/2026 17:11","","Larache","","0","0","11 MAD","/Date(1772233200000+0100)/",""
"502815","25/02/2026 16:51","","Larache","","0","0","27 MAD","/Date(1772233200000+0100)/",""
"477036","25/02/2026 16:49","","Kénitra Centre","","0","0","13 MAD","/Date(1772233200000+0100)/",""
"477036","25/02/2026 16:40","","Larache","","0","0","39 MAD","/Date(1772233200000+0100)/",""
"476452","25/02/2026 16:26","1322","Total AL BOUSTANE","","324201","56.34","600.02 MAD","/Date(1772233200000+0100)/",""
"256184","25/02/2026 15:25","","Larache","","0","0","16 MAD","/Date(1772233200000+0100)/",""
"468564","25/02/2026 13:14","1313","Total AL BOUSTANE","","0","47.81","509.18 MAD","/Date(1772233200000+0100)/",""
"468565","25/02/2026 12:35","","Mly Bousselham","","0","0","11 MAD","/Date(1772233200000+0100)/",""
"477036","25/02/2026 11:21","","Kénitra Nord","","0","0","39 MAD","/Date(1772233200000+0100)/",""
"468565","25/02/2026 11:21","","Larache","","0","0","11 MAD","/Date(1772233200000+0100)/",""
"502815","25/02/2026 10:32","","Kénitra Nord","","0","0","28 MAD","/Date(1772233200000+0100)/",""
"477036","25/02/2026 10:18","","Kénitra Centre","","0","0","13 MAD","/Date(1772233200000+0100)/",""
"477036","25/02/2026 09:59","","Sala-Al Jadida","","0","0","12 MAD","/Date(1772233200000+0100)/",""
"278315","25/02/2026 09:52","","Kénitra Nord","","0","0","39 MAD","/Date(1772233200000+0100)/",""
"477036","25/02/2026 09:21","","Bouznika (Vers Rabat)","","0","0","11 MAD","/Date(1772233200000+0100)/",""
"502815","25/02/2026 08:51","","Kénitra Centre","","0","0","13 MAD","/Date(1772233200000+0100)/",""
"420178","24/02/2026 23:33","7590","TOTAL TILILA","","0","46.16","523 MAD","/Date(1772233200000+0100)/",""
"278315","24/02/2026 17:34","","Larache","","0","0","39 MAD","/Date(1772233200000+0100)/",""
"256184","24/02/2026 17:11","","Mly Bousselham","","0","0","16 MAD","/Date(1772233200000+0100)/",""
"256184","24/02/2026 15:57","","Larache","","0","0","16 MAD","/Date(1772233200000+0100)/",""
"468564","24/02/2026 14:57","1307","Total AL BOUSTANE","","0","43.21","460.19 MAD","/Date(1772233200000+0100)/",""
"468564","24/02/2026 14:50","1306","Total AL BOUSTANE","","0","49.77","530.05 MAD","/Date(1772233200000+0100)/",""
"468565","24/02/2026 12:13","","Mly Bousselham","","0","0","11 MAD","/Date(1772233200000+0100)/",""
"278315","24/02/2026 11:46","","Kénitra Nord","","0","0","39 MAD","/Date(1772233200000+0100)/",""
"468565","24/02/2026 10:57","","Larache","","0","0","11 MAD","/Date(1772233200000+0100)/",""
"256184","23/02/2026 16:55","","Mly Bousselham","","0","0","16 MAD","/Date(1772233200000+0100)/",""
"278315","23/02/2026 16:54","","Larache","","0","0","39 MAD","/Date(1772233200000+0100)/",""
"502815","23/02/2026 15:30","","Sala-Al Jadida","","0","0","12 MAD","/Date(1772233200000+0100)/",""
"502815","23/02/2026 15:11","","Kénitra Centre","","0","0","13 MAD","/Date(1772233200000+0100)/",""
"502815","23/02/2026 15:03","","Larache","","0","0","39 MAD","/Date(1772233200000+0100)/",""
"477036","23/02/2026 14:45","64","Mahatta - RELAIS AL BAID","","0","39.44","420.04 MAD","/Date(1772233200000+0100)/",""
"256184","23/02/2026 14:31","","Larache","","0","0","16 MAD","/Date(1772233200000+0100)/",""
"477036","23/02/2026 14:22","","BOUZNIKA PV ENTREES","","0","0","23 MAD","/Date(1772233200000+0100)/",""
"502815","23/02/2026 10:15","","Kénitra Nord","","0","0","28 MAD","/Date(1772233200000+0100)/",""
"278315","23/02/2026 09:36","","Kénitra Nord","","0","0","39 MAD","/Date(1772233200000+0100)/",""
"502815","23/02/2026 08:35","","Kénitra Centre","","0","0","13 MAD","/Date(1772233200000+0100)/",""
"502815","22/02/2026 20:33","6735","Total TEMARA","","0","52.08","550 MAD","/Date(1772233200000+0100)/",""
"256184","22/02/2026 16:42","","Mly Bousselham","","0","0","16 MAD","/Date(1772233200000+0100)/",""
"502815","22/02/2026 16:37","","Méknès Ouest","","0","0","34 MAD","/Date(1772233200000+0100)/",""
"278315","22/02/2026 15:48","","Larache","","0","0","39 MAD","/Date(1772233200000+0100)/",""
"256184","22/02/2026 14:58","","Larache","","0","0","16 MAD","/Date(1772233200000+0100)/",""
"476452","22/02/2026 14:36","1282","Total AL BOUSTANE","","323323","49.02","522.06 MAD","/Date(1772233200000+0100)/",""
"278315","22/02/2026 09:44","","Kénitra Nord","","0","0","39 MAD","/Date(1772233200000+0100)/",""
"256184","21/02/2026 14:59","","Larache","","0","0","16 MAD","/Date(1772233200000+0100)/",""
"468564","21/02/2026 12:28","1267","Total AL BOUSTANE","","0","40","426 MAD","/Date(1772233200000+0100)/",""
"468565","20/02/2026 16:08","","Mly Bousselham","","0","0","11 MAD","/Date(1772233200000+0100)/",""
"256184","20/02/2026 15:12","","Larache","","0","0","16 MAD","/Date(1772233200000+0100)/",""
"468565","20/02/2026 14:34","","Kénitra Nord","","0","0","28 MAD","/Date(1772233200000+0100)/",""
"502815","20/02/2026 13:44","","Sidi Allal El Bahraoui","","0","0","34 MAD","/Date(1772233200000+0100)/",""
"468565","20/02/2026 10:27","","DEMI TOUR NON AUTORI","","0","0","87 MAD","/Date(1772233200000+0100)/",""
"468565","20/02/2026 09:11","","Larache","","0","0","11 MAD","/Date(1772233200000+0100)/",""
"468564","20/02/2026 08:15","1255","Total AL BOUSTANE","","0","38.5","410.03 MAD","/Date(1772233200000+0100)/",""
"278315","19/02/2026 17:56","","Larache","","0","0","39 MAD","/Date(1772233200000+0100)/",""
"256184","19/02/2026 16:26","","Mly Bousselham","","0","0","16 MAD","/Date(1772233200000+0100)/",""
"256184","19/02/2026 14:48","","Larache","","0","0","16 MAD","/Date(1772233200000+0100)/",""
"378495","19/02/2026 14:31","4503","Total LUKUS","","0","46.95","500 MAD","/Date(1772233200000+0100)/",""
"468564","19/02/2026 11:16","1247","Total AL BOUSTANE","","0","20","213 MAD","/Date(1772233200000+0100)/",""
"482107","19/02/2026 10:50","1245","Total AL BOUSTANE","","0","40","426 MAD","/Date(1772233200000+0100)/",""
"278315","19/02/2026 09:52","","Kénitra Nord","","0","0","39 MAD","/Date(1772233200000+0100)/",""
"256184","18/02/2026 17:44","","Mly Bousselham","","0","0","16 MAD","/Date(1772233200000+0100)/",""
"502815","18/02/2026 16:59","","Sala-Al Jadida","","0","0","12 MAD","/Date(1772233200000+0100)/",""
"278315","18/02/2026 16:52","","Larache","","0","0","39 MAD","/Date(1772233200000+0100)/",""
"502815","18/02/2026 16:40","","Kénitra Centre","","0","0","13 MAD","/Date(1772233200000+0100)/",""
"502815","18/02/2026 16:30","","Larache","","0","0","39 MAD","/Date(1772233200000+0100)/",""
"476452","18/02/2026 15:45","1242","Total AL BOUSTANE","","322530","44.74","476.48 MAD","/Date(1772233200000+0100)/",""
"468565","18/02/2026 15:29","","Mly Bousselham","","0","0","11 MAD","/Date(1772233200000+0100)/",""
"256184","18/02/2026 15:08","","Larache","","0","0","16 MAD","/Date(1772233200000+0100)/",""
"468565","18/02/2026 14:35","","Kénitra Nord","","0","0","28 MAD","/Date(1772233200000+0100)/",""
"502815","18/02/2026 11:22","","Kénitra Nord","","0","0","39 MAD","/Date(1772233200000+0100)/",""
"502815","18/02/2026 10:18","","Kénitra Centre","","0","0","13 MAD","/Date(1772233200000+0100)/",""
"278315","18/02/2026 10:01","","Kénitra Nord","","0","0","39 MAD","/Date(1772233200000+0100)/",""
"502815","18/02/2026 10:00","","Sala-Al Jadida","","0","0","12 MAD","/Date(1772233200000+0100)/",""
"468565","18/02/2026 08:52","","Larache","","0","0","39 MAD","/Date(1772233200000+0100)/",""
"477036","18/02/2026 08:37","9221","Mahatta - RELAIS AL BAID","","0","49.77","530.05 MAD","/Date(1772233200000+0100)/",""
"256184","17/02/2026 19:10","","Mly Bousselham","","0","0","16 MAD","/Date(1772233200000+0100)/",""
"278315","17/02/2026 18:49","","Larache","","0","0","39 MAD","/Date(1772233200000+0100)/",""
"468565","17/02/2026 18:34","","DEMI TOUR NON AUTORI","","0","0","49 MAD","/Date(1772233200000+0100)/",""
"502815","17/02/2026 17:44","","Kénitra Centre","","0","0","13 MAD","/Date(1772233200000+0100)/",""
"256184","17/02/2026 17:40","","Larache","","0","0","16 MAD","/Date(1772233200000+0100)/",""
"468565","17/02/2026 17:34","","Kénitra Nord","","0","0","13 MAD","/Date(1772233200000+0100)/",""
"502815","17/02/2026 17:33","","Larache","","0","0","39 MAD","/Date(1772233200000+0100)/",""
"502815","17/02/2026 16:31","1228","Total AL BOUSTANE","","0","44.15","470.2 MAD","/Date(1772233200000+0100)/",""
"468565","17/02/2026 14:25","","Larache","","0","0","39 MAD","/Date(1772233200000+0100)/",""
"278315","17/02/2026 10:00","","Kénitra Nord","","0","0","39 MAD","/Date(1772233200000+0100)/",""
"502815","17/02/2026 09:23","","Kénitra Nord","","0","0","28 MAD","/Date(1772233200000+0100)/",""
"482107","17/02/2026 09:22","1224","Total AL BOUSTANE","","0","38.69","412.05 MAD","/Date(1772233200000+0100)/",""
"482107","17/02/2026 08:47","1221","Total AL BOUSTANE","","0","48.79","519.61 MAD","/Date(1772233200000+0100)/",""
"502815","17/02/2026 08:37","","Kénitra Centre","","0","0","13 MAD","/Date(1772233200000+0100)/",""
"256184","16/02/2026 19:13","","Mly Bousselham","","0","0","16 MAD","/Date(1772233200000+0100)/",""
"278315","16/02/2026 18:17","","Larache","","0","0","39 MAD","/Date(1772233200000+0100)/",""
"256184","16/02/2026 18:02","","Larache","","0","0","16 MAD","/Date(1772233200000+0100)/",""
"476452","16/02/2026 16:41","1211","Total AL BOUSTANE","","321957","37.56","400.01 MAD","/Date(1772233200000+0100)/",""
"502815","16/02/2026 13:25","","Kénitra Centre","","0","0","13 MAD","/Date(1772233200000+0100)/",""
"278315","16/02/2026 09:57","","Kénitra Nord","","0","0","39 MAD","/Date(1772233200000+0100)/",""
"482107","16/02/2026 09:00","1205","Total AL BOUSTANE","","0","20","213 MAD","/Date(1772233200000+0100)/",""
"482107","16/02/2026 08:56","1204","Total AL BOUSTANE","","0","53.15","566.05 MAD","/Date(1772233200000+0100)/",""
"256184","15/02/2026 19:06","","Mly Bousselham","","0","0","16 MAD","/Date(1772233200000+0100)/",""
"468565","15/02/2026 19:03","","Mly Bousselham","","0","0","11 MAD","/Date(1772233200000+0100)/",""
"278315","15/02/2026 18:39","","Larache","","0","0","39 MAD","/Date(1772233200000+0100)/",""
"468565","15/02/2026 18:12","","Larache","","0","0","11 MAD","/Date(1772233200000+0100)/",""
"256184","15/02/2026 17:32","","Larache","","0","0","16 MAD","/Date(1772233200000+0100)/",""
"482107","15/02/2026 12:07","1191","Total AL BOUSTANE","","0","20","208 MAD","/Date(1772233200000+0100)/",""
"482107","15/02/2026 12:07","1190","Total AL BOUSTANE","","0","40","416 MAD","/Date(1772233200000+0100)/",""
"278315","15/02/2026 12:04","","Kénitra Nord","","0","0","39 MAD","/Date(1772233200000+0100)/",""
"278315","15/02/2026 11:00","","Kénitra Centre","","0","0","13 MAD","/Date(1772233200000+0100)/",""
"476452","15/02/2026 19:35","7436","Total AVENIR","","321431","35.82","370.02 MAD","/Date(1772233200000+0100)/",""
"468565","15/02/2026 18:10","","Kénitra Nord","","0","0","39 MAD","/Date(1772233200000+0100)/",""
"256184","15/02/2026 17:58","","Larache","","0","0","16 MAD","/Date(1772233200000+0100)/",""
"468565","15/02/2026 09:15","","Larache","","0","0","39 MAD","/Date(1772233200000+0100)/",""
"482107","15/02/2026 08:11","1180","Total AL BOUSTANE","","0","33.66","350.06 MAD","/Date(1772233200000+0100)/",""
"468565","14/02/2026 19:13","","Kénitra Nord","","0","0","39 MAD","/Date(1772233200000+0100)/",""
"256184","14/02/2026 17:41","","Larache","","0","0","16 MAD","/Date(1772233200000+0100)/",""
"502815","14/02/2026 16:51","","Kénitra Centre","","0","0","13 MAD","/Date(1772233200000+0100)/",""
"502815","14/02/2026 16:42","","Mly Bousselham","","0","0","28 MAD","/Date(1772233200000+0100)/",""
"420178","14/02/2026 12:46","2937","Total MALAKIA","","0","44.53","490.28 MAD","/Date(1772233200000+0100)/",""
"502815","14/02/2026 10:52","","Kénitra Nord","","0","0","39 MAD","/Date(1772233200000+0100)/",""
"502815","14/02/2026 09:49","","Kénitra Centre","","0","0","13 MAD","/Date(1772233200000+0100)/",""
"468565","14/02/2026 09:46","","Larache","","0","0","39 MAD","/Date(1772233200000+0100)/",""
"502815","13/02/2026 20:39","","BOUZNIKA PV ENTREES","","0","0","23 MAD","/Date(1772233200000+0100)/",""
"502815","13/02/2026 20:18","","Tit Méllil","","0","0","10 MAD","/Date(1772233200000+0100)/",""
"502815","13/02/2026 20:04",""," Amsekroud","","0","0","167 MAD","/Date(1772233200000+0100)/",""
"468565","13/02/2026 18:39","","Kénitra Nord","","0","0","39 MAD","/Date(1772233200000+0100)/",""
"278315","13/02/2026 18:24","","Larache","","0","0","39 MAD","/Date(1772233200000+0100)/",""
"477036","13/02/2026 17:59","","Tit Méllil","","0","0","10 MAD","/Date(1772233200000+0100)/",""
"477036","13/02/2026 17:33","","Barrière Principale Bouz","","0","0","23 MAD","/Date(1772233200000+0100)/",""
"477036","13/02/2026 17:02","","Sala-Al Jadida","","0","0","12 MAD","/Date(1772233200000+0100)/",""
"477036","13/02/2026 16:40","","Kénitra Centre","","0","0","13 MAD","/Date(1772233200000+0100)/",""
"482107","13/02/2026 16:39","1164","Total AL BOUSTANE","","0","10","104 MAD","/Date(1772233200000+0100)/",""
"477036","13/02/2026 16:30","","Mly Bousselham","","0","0","28 MAD","/Date(1772233200000+0100)/",""
"477036","13/02/2026 14:29","","Larache","","0","0","11 MAD","/Date(1772233200000+0100)/",""
"477036","13/02/2026 14:04","1161","Total AL BOUSTANE","","0","78.58","817.23 MAD","/Date(1772233200000+0100)/",""
"482107","13/02/2026 13:58","1160","Total AL BOUSTANE","","0","40.39","420.06 MAD","/Date(1772233200000+0100)/",""
"482107","13/02/2026 11:45","1158","Total AL BOUSTANE","","0","44.24","460.1 MAD","/Date(1772233200000+0100)/",""
"477036","13/02/2026 10:56","","Kénitra Nord","","0","0","39 MAD","/Date(1772233200000+0100)/",""
"468565","13/02/2026 10:25","","Larache","","0","0","39 MAD","/Date(1772233200000+0100)/",""
"278315","13/02/2026 09:54","","Kénitra Nord","","0","0","39 MAD","/Date(1772233200000+0100)/",""
"477036","13/02/2026 09:51","","Kénitra Centre","","0","0","13 MAD","/Date(1772233200000+0100)/",""
"477036","13/02/2026 09:32","","Sala-Al Jadida","","0","0","12 MAD","/Date(1772233200000+0100)/",""
"482107","13/02/2026 09:12","1154","Total AL BOUSTANE","","0","20","208 MAD","/Date(1772233200000+0100)/",""
"482107","13/02/2026 09:10","1153","Total AL BOUSTANE","","0","43.62","453.65 MAD","/Date(1772233200000+0100)/",""
"477036","13/02/2026 09:03","","BOUZNIKA PV ENTREES","","0","0","23 MAD","/Date(1772233200000+0100)/",""
"477036","13/02/2026 08:42","","Tit Méllil","","0","0","10 MAD","/Date(1772233200000+0100)/",""
"468565","12/02/2026 19:27","","Mly Bousselham","","0","0","11 MAD","/Date(1772233200000+0100)/",""
"468565","12/02/2026 18:50","","M'Nasra","","0","0","14 MAD","/Date(1772233200000+0100)/",""
"278315","12/02/2026 18:24","","Mly Bousselham","","0","0","28 MAD","/Date(1772233200000+0100)/",""
"468565","12/02/2026 18:17","","Kénitra Nord","","0","0","13 MAD","/Date(1772233200000+0100)/",""
"278315","12/02/2026 17:35","","Larache","","0","0","11 MAD","/Date(1772233200000+0100)/",""
"278315","12/02/2026 10:08","","Kénitra Nord","","0","0","39 MAD","/Date(1772233200000+0100)/",""
"468565","12/02/2026 10:05","","Larache","","0","0","39 MAD","/Date(1772233200000+0100)/",""
"482107","12/02/2026 08:47","1139","Total AL BOUSTANE","","0","60","624 MAD","/Date(1772233200000+0100)/",""
"468565","11/02/2026 20:16","","Mly Bousselham","","0","0","11 MAD","/Date(1772233200000+0100)/",""
"468565","11/02/2026 18:54","","Kénitra Nord","","0","0","28 MAD","/Date(1772233200000+0100)/",""
"278315","11/02/2026 18:46","","Larache","","0","0","39 MAD","/Date(1772233200000+0100)/",""
"476452","11/02/2026 17:41","1131","Total AL BOUSTANE","","320649","54.33","565.03 MAD","/Date(1772233200000+0100)/",""
"502815","11/02/2026 14:47","","Amsekroud Entrée","","0","0","4 MAD","/Date(1772233200000+0100)/",""
"482107","11/02/2026 13:42","1129","Total AL BOUSTANE","","0","50.97","530.09 MAD","/Date(1772233200000+0100)/",""
"502815","11/02/2026 10:47","","Amsekroud Sortie ","","0","0","4 MAD","/Date(1772233200000+0100)/",""
"278315","11/02/2026 10:16","","Kénitra Nord","","0","0","39 MAD","/Date(1772233200000+0100)/",""
"468565","11/02/2026 10:01","","Larache","","0","0","39 MAD","/Date(1772233200000+0100)/",""
"482107","11/02/2026 08:55","1124","Total AL BOUSTANE","","0","144.24","1500.1 MAD","/Date(1772233200000+0100)/",""
"482107","11/02/2026 08:48","1123","Total AL BOUSTANE","","0","40.39","420.06 MAD","/Date(1772233200000+0100)/",""
"468565","10/02/2026 21:47","","Kénitra Nord","","0","0","39 MAD","/Date(1772233200000+0100)/",""
"477036","10/02/2026 21:07","","Tit Méllil","","0","0","10 MAD","/Date(1772233200000+0100)/",""
"477036","10/02/2026 20:41","","Barrière Principale Bouz","","0","0","23 MAD","/Date(1772233200000+0100)/",""
"477036","10/02/2026 19:24","","Kénitra Centre","","0","0","13 MAD","/Date(1772233200000+0100)/",""
"477036","10/02/2026 19:13","","Larache","","0","0","39 MAD","/Date(1772233200000+0100)/",""
"278315","10/02/2026 18:54","","Larache","","0","0","39 MAD","/Date(1772233200000+0100)/",""
"482107","10/02/2026 15:20","1113","Total AL BOUSTANE","","0","41.36","430.14 MAD","/Date(1772233200000+0100)/",""
"477036","10/02/2026 13:43","","Kénitra Nord","","0","0","39 MAD","/Date(1772233200000+0100)/",""
"477036","10/02/2026 10:42","","Kénitra Centre","","0","0","13 MAD","/Date(1772233200000+0100)/",""
"502815","10/02/2026 10:39","1568","Total SIDI BIBI","","0","58.77","620 MAD","/Date(1772233200000+0100)/",""
"278315","10/02/2026 10:29","","Kénitra Nord","","0","0","39 MAD","/Date(1772233200000+0100)/",""
"477036","10/02/2026 10:23","","Sala-Al Jadida","","0","0","12 MAD","/Date(1772233200000+0100)/",""
"468565","10/02/2026 09:50","","Larache","","0","0","39 MAD","/Date(1772233200000+0100)/",""
"477036","10/02/2026 09:38","","BOUZNIKA PV ENTREES","","0","0","23 MAD","/Date(1772233200000+0100)/",""
"477036","10/02/2026 09:16","","Tit Méllil","","0","0","10 MAD","/Date(1772233200000+0100)/",""
"477036","10/02/2026 09:06","7717","Mahatta - RELAIS AL BAID","","0","84.63","880.15 MAD","/Date(1772233200000+0100)/",""
"482107","10/02/2026 08:47","1107","Total AL BOUSTANE","","0","144.24","1500.1 MAD","/Date(1772233200000+0100)/",""
"468565","09/02/2026 19:16","","Mly Bousselham","","0","0","11 MAD","/Date(1772233200000+0100)/",""
"468565","09/02/2026 18:49","","M'Nasra","","0","0","14 MAD","/Date(1772233200000+0100)/",""
"482107","09/02/2026 11:49","1098","Total AL BOUSTANE","","0","40","416 MAD","/Date(1772233200000+0100)/",""
"468565","09/02/2026 09:19","","Larache","","0","0","27 MAD","/Date(1772233200000+0100)/",""
"482107","09/02/2026 08:35","1095","Total AL BOUSTANE","","0","36.75","417.85 MAD","/Date(1772233200000+0100)/",""
"482107","09/02/2026 08:34","1094","Total AL BOUSTANE","","0","79.16","900.05 MAD","/Date(1772233200000+0100)/",""
"468565","08/02/2026 22:40","","Kénitra Nord","","0","0","39 MAD","/Date(1772233200000+0100)/",""
"278315","08/02/2026 19:20","","Larache","","0","0","39 MAD","/Date(1772233200000+0100)/",""
"482107","08/02/2026 14:23","1091","Total AL BOUSTANE","","0","53.65","610 MAD","/Date(1772233200000+0100)/",""
"278315","08/02/2026 11:49","","Kénitra Nord","","0","0","39 MAD","/Date(1772233200000+0100)/",""
"468565","08/02/2026 10:31","","Larache","","0","0","27 MAD","/Date(1772233200000+0100)/",""
"482107","08/02/2026 09:20","1394","Total ROSALES","","0","113.48","1280 MAD","/Date(1772233200000+0100)/",""
"502815","07/02/2026 23:29","",".","","0","0","167 MAD","/Date(1772233200000+0100)/",""
"468565","07/02/2026 22:17","","DEMI TOUR NON AUTORI","","0","0","49 MAD","/Date(1772233200000+0100)/",""
"477036","07/02/2026 20:52","","Tit Méllil","","0","0","10 MAD","/Date(1772233200000+0100)/",""
"477036","07/02/2026 20:29","","Barrière Principale Bouz","","0","0","23 MAD","/Date(1772233200000+0100)/",""
"477036","07/02/2026 20:00","","Sala-Al Jadida","","0","0","12 MAD","/Date(1772233200000+0100)/",""
"477036","07/02/2026 19:38","","Kénitra Centre","","0","0","13 MAD","/Date(1772233200000+0100)/",""
"278315","07/02/2026 19:23","","Larache","","0","0","39 MAD","/Date(1772233200000+0100)/",""
"502815","07/02/2026 19:07","","Tit Méllil","","0","0","10 MAD","/Date(1772233200000+0100)/",""
"256184","07/02/2026 18:49","","Mly Bousselham","","0","0","16 MAD","/Date(1772233200000+0100)/",""
"502815","07/02/2026 18:45","","Barrière Principale Bouz","","0","0","23 MAD","/Date(1772233200000+0100)/",""
"476452","07/02/2026 18:06","1080","Total AL BOUSTANE","","319786","56.74","590.1 MAD","/Date(1772233200000+0100)/",""
"256184","07/02/2026 17:53","","Larache","","0","0","16 MAD","/Date(1772233200000+0100)/",""
"278315","07/02/2026 12:29","","Kénitra Nord","","0","0","39 MAD","/Date(1772233200000+0100)/",""
"482107","07/02/2026 12:12","1073","Total AL BOUSTANE","","0","46.64","485.06 MAD","/Date(1772233200000+0100)/",""
"278315","07/02/2026 11:26","","Kénitra Centre","","0","0","13 MAD","/Date(1772233200000+0100)/",""
"477036","07/02/2026 10:19","","Kénitra Centre","","0","0","13 MAD","/Date(1772233200000+0100)/",""
"468565","07/02/2026 10:16","","Larache","","0","0","27 MAD","/Date(1772233200000+0100)/",""
"477036","07/02/2026 10:01","","Sala-Al Jadida","","0","0","12 MAD","/Date(1772233200000+0100)/",""
"477036","07/02/2026 09:32","","BOUZNIKA PV ENTREES","","0","0","23 MAD","/Date(1772233200000+0100)/",""
"482107","07/02/2026 09:24","1070","Total AL BOUSTANE","","0","30.8","320.32 MAD","/Date(1772233200000+0100)/",""
"477036","07/02/2026 09:11","","Tit Méllil","","0","0","10 MAD","/Date(1772233200000+0100)/",""
"477036","06/02/2026 20:25","","Tit Méllil","","0","0","10 MAD","/Date(1772233200000+0100)/",""
"477036","06/02/2026 20:02","","Barrière Principale Bouz","","0","0","23 MAD","/Date(1772233200000+0100)/",""
"256184","06/02/2026 19:50","","Mly Bousselham","","0","0","16 MAD","/Date(1772233200000+0100)/",""
"477036","06/02/2026 19:33","","Sala-Al Jadida","","0","0","12 MAD","/Date(1772233200000+0100)/",""
"477036","06/02/2026 19:13","","Kénitra Centre","","0","0","13 MAD","/Date(1772233200000+0100)/",""
"278315","06/02/2026 19:12","","Larache","","0","0","39 MAD","/Date(1772233200000+0100)/",""
"256184","06/02/2026 18:06","","Larache","","0","0","11 MAD","/Date(1772233200000+0100)/",""
"468565","06/02/2026 17:15","","Kénitra Nord","","0","0","39 MAD","/Date(1772233200000+0100)/",""
"502815","06/02/2026 16:42","","Kénitra Centre","","0","0","13 MAD","/Date(1772233200000+0100)/",""
"502815","06/02/2026 16:32","","Larache","","0","0","39 MAD","/Date(1772233200000+0100)/",""
"468565","06/02/2026 15:26","","Kénitra Centre","","0","0","13 MAD","/Date(1772233200000+0100)/",""
"468565","06/02/2026 15:02","","Sala-Al Jadida","","0","0","12 MAD","/Date(1772233200000+0100)/",""
"468565","06/02/2026 14:27","","BOUZNIKA PV ENTREES","","0","0","23 MAD","/Date(1772233200000+0100)/",""
"482107","06/02/2026 14:05","1064","Total AL BOUSTANE","","0","40","416 MAD","/Date(1772233200000+0100)/",""
"477036","06/02/2026 13:39","","Kénitra Centre","","0","0","13 MAD","/Date(1772233200000+0100)/",""
"477036","06/02/2026 13:20","","Sala-Al Jadida","","0","0","12 MAD","/Date(1772233200000+0100)/",""
"278315","06/02/2026 12:42","","Kénitra Nord","","0","0","39 MAD","/Date(1772233200000+0100)/",""
"477036","06/02/2026 12:40","","BOUZNIKA PV ENTREES","","0","0","23 MAD","/Date(1772233200000+0100)/",""
"477036","06/02/2026 12:18","","Tit Méllil","","0","0","10 MAD","/Date(1772233200000+0100)/",""
"468565","06/02/2026 11:33","","Barrière Principale Bouz","","0","0","23 MAD","/Date(1772233200000+0100)/",""
"468565","06/02/2026 10:57","","Sala-Al Jadida","","0","0","12 MAD","/Date(1772233200000+0100)/",""
"502815","06/02/2026 10:37","","Kénitra Nord","","0","0","28 MAD","/Date(1772233200000+0100)/",""
"468565","06/02/2026 10:33","","Kénitra Centre","","0","0","13 MAD","/Date(1772233200000+0100)/",""
"468565","06/02/2026 10:21","","Larache","","0","0","39 MAD","/Date(1772233200000+0100)/",""
"502815","06/02/2026 09:52","","Kénitra Centre","","0","0","13 MAD","/Date(1772233200000+0100)/",""
"482107","06/02/2026 08:42","1059","Total AL BOUSTANE","","0","15.87","165.05 MAD","/Date(1772233200000+0100)/",""
"502815","06/02/2026 08:11","2567","Total TEMARA II","","0","71.77","740 MAD","/Date(1772233200000+0100)/",""
"256184","05/02/2026 19:17","","Larache","","0","0","16 MAD","/Date(1772233200000+0100)/",""
"278315","05/02/2026 19:10","","Larache","","0","0","39 MAD","/Date(1772233200000+0100)/",""
"468565","05/02/2026 18:38","","M'Nasra","","0","0","27 MAD","/Date(1772233200000+0100)/",""
"502815","05/02/2026 16:39","","BOUZNIKA PV ENTREES","","0","0","23 MAD","/Date(1772233200000+0100)/",""
"502815","05/02/2026 16:17","","Tit Méllil","","0","0","10 MAD","/Date(1772233200000+0100)/",""
"502815","05/02/2026 16:03","","Kasbah Tadla","","0","0","66 MAD","/Date(1772233200000+0100)/",""
"482107","05/02/2026 13:29","1051","Total AL BOUSTANE","","0","50.8","528.32 MAD","/Date(1772233200000+0100)/",""
"278315","05/02/2026 12:02","","Kénitra Nord","","0","0","39 MAD","/Date(1772233200000+0100)/",""
"482106","05/02/2026 11:35","6787","Mahatta - RELAIS AL BAID","","0","18.5","192.4 MAD","/Date(1772233200000+0100)/",""
"502815","05/02/2026 11:22","",".","","0","0","66 MAD","/Date(1772233200000+0100)/",""
"477036","05/02/2026 10:35","969","Mahatta - RELAIS AL BAID","","0","66.18","853.06 MAD","/Date(1772233200000+0100)/",""
"482107","05/02/2026 10:28","1040","Total AL BOUSTANE","","0","32.03","333.11 MAD","/Date(1772233200000+0100)/",""
"468565","05/02/2026 10:11","","Larache","","0","0","27 MAD","/Date(1772233200000+0100)/",""
"477036","05/02/2026 09:41","945","Mahatta - RELAIS AL BAID","","0","72.12","750.05 MAD","/Date(1772233200000+0100)/",""
"502815","05/02/2026 09:34","","Tit Méllil","","0","0","10 MAD","/Date(1772233200000+0100)/",""
"482106","05/02/2026 09:13","6736","Mahatta - RELAIS AL BAID","","0","50.01","550.11 MAD","/Date(1772233200000+0100)/",""
"482107","05/02/2026 09:13","1039","Total AL BOUSTANE","","0","20","208 MAD","/Date(1772233200000+0100)/",""
"482107","05/02/2026 09:12","1038","Total AL BOUSTANE","","0","47.31","492.02 MAD","/Date(1772233200000+0100)/",""
"502815","05/02/2026 09:08","","Barrière Principale Bouz","","0","0","23 MAD","/Date(1772233200000+0100)/",""
"482107","04/02/2026 20:19","1036","Total AL BOUSTANE","","0","20","208 MAD","/Date(1772233200000+0100)/",""
"278315","04/02/2026 18:51","","Larache","","0","0","39 MAD","/Date(1772233200000+0100)/",""
"476452","04/02/2026 17:44","1033","Total AL BOUSTANE","","318921","41.35","430.04 MAD","/Date(1772233200000+0100)/",""
"502815","04/02/2026 16:39","","Sala-Al Jadida","","0","0","12 MAD","/Date(1772233200000+0100)/",""
"502815","04/02/2026 16:20","","Kénitra Centre","","0","0","13 MAD","/Date(1772233200000+0100)/",""
"502815","04/02/2026 16:12","","Mly Bousselham","","0","0","28 MAD","/Date(1772233200000+0100)/",""
"502815","04/02/2026 11:59","","KENITRA CENTRE","","0","0","27 MAD","/Date(1772233200000+0100)/",""
"502815","04/02/2026 11:54","769","MAHATTA Relais Atlantis","","0","43.81","460 MAD","/Date(1772233200000+0100)/",""
"278315","04/02/2026 11:50","","Kénitra Nord","","0","0","39 MAD","/Date(1772233200000+0100)/",""
"482107","03/02/2026 19:57","1019","Total AL BOUSTANE","","0","19.23","200 MAD","/Date(1772233200000+0100)/",""
"278315","03/02/2026 19:30","","Larache","","0","0","39 MAD","/Date(1772233200000+0100)/",""
"256184","03/02/2026 19:18","","Mly Bousselham","","0","0","16 MAD","/Date(1772233200000+0100)/",""
"482107","03/02/2026 18:58","4238","Total AL MAHABA","","0","43.44","480 MAD","/Date(1772233200000+0100)/",""
"477036","03/02/2026 18:49","","Tit Méllil","","0","0","10 MAD","/Date(1772233200000+0100)/",""
"477036","03/02/2026 18:25","","Barrière Principale Bouz","","0","0","23 MAD","/Date(1772233200000+0100)/",""
"477036","03/02/2026 17:55","","Sala-Al Jadida","","0","0","12 MAD","/Date(1772233200000+0100)/",""
"256184","03/02/2026 17:47","","Larache","","0","0","16 MAD","/Date(1772233200000+0100)/",""
"477036","03/02/2026 17:35","","Kénitra Centre","","0","0","13 MAD","/Date(1772233200000+0100)/",""
"468565","03/02/2026 17:31","","M'Nasra","","0","0","27 MAD","/Date(1772233200000+0100)/",""
"477036","03/02/2026 17:24","","Larache","","0","0","39 MAD","/Date(1772233200000+0100)/",""
"502815","03/02/2026 16:47","","Larache","","0","0","27 MAD","/Date(1772233200000+0100)/",""
"482107","03/02/2026 13:55","1013","Total AL BOUSTANE","","0","28.85","300 MAD","/Date(1772233200000+0100)/",""
"477036","03/02/2026 12:39","","Kénitra Nord","","0","0","39 MAD","/Date(1772233200000+0100)/",""
"477036","03/02/2026 11:30","","Kénitra Centre","","0","0","13 MAD","/Date(1772233200000+0100)/",""
"502815","03/02/2026 10:20","","KENITRA CENTRE","","0","0","38 MAD","/Date(1772233200000+0100)/",""
"278315","03/02/2026 10:17","","Kénitra Nord","","0","0","39 MAD","/Date(1772233200000+0100)/",""
"468565","03/02/2026 09:34","","Larache","","0","0","27 MAD","/Date(1772233200000+0100)/",""
"477036","03/02/2026 09:09","","BOUZNIKA PV ENTREES","","0","0","23 MAD","/Date(1772233200000+0100)/",""
"477036","03/02/2026 08:46","","Tit Méllil","","0","0","10 MAD","/Date(1772233200000+0100)/",""
"256184","02/02/2026 19:03","","Mly Bousselham","","0","0","16 MAD","/Date(1772233200000+0100)/",""
"278315","02/02/2026 18:50","","Larache","","0","0","39 MAD","/Date(1772233200000+0100)/",""
"256184","02/02/2026 18:06","","Larache","","0","0","16 MAD","/Date(1772233200000+0100)/",""
"468565","02/02/2026 16:48","","M'Nasra","","0","0","27 MAD","/Date(1772233200000+0100)/",""
"278315","02/02/2026 12:13","","Kénitra Nord","","0","0","39 MAD","/Date(1772233200000+0100)/",""
"468565","02/02/2026 09:44","","Larache","","0","0","27 MAD","/Date(1772233200000+0100)/",""
"482106","01/02/2026 21:20","5935","Mahatta - RELAIS AL BAID","","0","57.92","582.1 MAD","/Date(1772233200000+0100)/",""
"256184","01/02/2026 19:25","","Mly Bousselham","","0","0","16 MAD","/Date(1772233200000+0100)/",""
"482107","01/02/2026 18:33","999","Total AL BOUSTANE","","0","45.48","457.07 MAD","/Date(1772233200000+0100)/",""
"256184","01/02/2026 18:28","","Larache","","0","0","16 MAD","/Date(1772233200000+0100)/",""
"468565","01/02/2026 17:32","","M'Nasra","","0","0","27 MAD","/Date(1772233200000+0100)/",""
"468565","01/02/2026 09:34","","Larache","","0","0","27 MAD","/Date(1772233200000+0100)/",""
"278315","31/01/2026 23:20","","Kénitra Centre","","0","0","13 MAD","/Date(1772233200000+0100)/",""
"256184","31/01/2026 18:37","","Larache","","0","0","16 MAD","/Date(1772233200000+0100)/",""
"468565","31/01/2026 18:10","","M'Nasra","","0","0","27 MAD","/Date(1772233200000+0100)/",""
"278315","31/01/2026 17:53","","Kénitra Centre","","0","0","13 MAD","/Date(1772233200000+0100)/",""
"278315","31/01/2026 17:44","","Larache","","0","0","39 MAD","/Date(1772233200000+0100)/",""
"256184","31/01/2026 15:55","","Mly Bousselham","","0","0","16 MAD","/Date(1772233200000+0100)/",""
"278315","31/01/2026 12:23","","Kénitra Nord","","0","0","39 MAD","/Date(1772233200000+0100)/",""
"482107","31/01/2026 12:03","984","Total AL BOUSTANE","","0","40","402 MAD","/Date(1769814000000+0100)/",""
"468565","31/01/2026 09:55","","Larache","","0","0","27 MAD","/Date(1772233200000+0100)/",""
"482107","31/01/2026 09:31","981","Total AL BOUSTANE","","0","40","402 MAD","/Date(1769814000000+0100)/",""
"468565","30/01/2026 18:51","","M'Nasra","","0","0","27 MAD","/Date(1772233200000+0100)/",""
"278315","30/01/2026 18:18","","Larache","","0","0","39 MAD","/Date(1772233200000+0100)/",""
"476452","30/01/2026 17:12","978","Total AL BOUSTANE","","317706","53.75","540.19 MAD","/Date(1769814000000+0100)/",""
"278315","30/01/2026 11:11","","Kénitra Nord","","0","0","39 MAD","/Date(1772233200000+0100)/",""
"468565","30/01/2026 10:48","","Larache","","0","0","27 MAD","/Date(1772233200000+0100)/",""
"482107","30/01/2026 09:57","973","Total AL BOUSTANE","","0","38.73","389.24 MAD","/Date(1769814000000+0100)/",""
"502815","30/01/2026 09:37","","LIXUS","","0","0","24 MAD","/Date(1772233200000+0100)/",""
"502815","30/01/2026 09:00","607","Total RELAIS LARACHE","","0","63.68","640 MAD","/Date(1769814000000+0100)/",""
"502815","30/01/2026 08:43","","Kénitra Nord","","0","0","39 MAD","/Date(1772233200000+0100)/",""
"502815","30/01/2026 07:41","","Kénitra Centre","","0","0","13 MAD","/Date(1772233200000+0100)/",""
"278315","29/01/2026 18:41","","Larache","","0","0","39 MAD","/Date(1772233200000+0100)/",""
"256184","29/01/2026 17:53","","Larache","","0","0","16 MAD","/Date(1772233200000+0100)/",""
"482107","29/01/2026 17:24","969","Total AL BOUSTANE","","0","46.77","470.04 MAD","/Date(1769814000000+0100)/",""
"468565","29/01/2026 16:51","","M'Nasra","","0","0","27 MAD","/Date(1772233200000+0100)/",""
"256184","29/01/2026 15:41","","Mly Bousselham","","0","0","16 MAD","/Date(1772233200000+0100)/",""
"278315","29/01/2026 10:57","","Kénitra Nord","","0","0","39 MAD","/Date(1772233200000+0100)/",""
"468565","29/01/2026 10:05","","Larache","","0","0","27 MAD","/Date(1772233200000+0100)/",""
"482107","29/01/2026 09:06","957","Total AL BOUSTANE","","0","20","201 MAD","/Date(1769814000000+0100)/",""
"468565","28/01/2026 18:52","","Mly Bousselham","","0","0","11 MAD","/Date(1772233200000+0100)/",""
"278315","28/01/2026 18:32","","Larache","","0","0","39 MAD","/Date(1772233200000+0100)/",""
"468565","28/01/2026 17:52","","M'Nasra","","0","0","14 MAD","/Date(1772233200000+0100)/",""
"256184","28/01/2026 17:30","","Larache","","0","0","16 MAD","/Date(1772233200000+0100)/",""
"256184","28/01/2026 15:10","","Mly Bousselham","","0","0","16 MAD","/Date(1772233200000+0100)/",""
"482107","28/01/2026 15:02","948","Total AL BOUSTANE","","0","48.76","490.04 MAD","/Date(1769814000000+0100)/",""
"482107","28/01/2026 13:20","945","Total AL BOUSTANE","","0","52.74","530.04 MAD","/Date(1769814000000+0100)/",""
"278315","28/01/2026 10:28","","Kénitra Nord","","0","0","39 MAD","/Date(1772233200000+0100)/",""
"468565","28/01/2026 10:08","","Larache","","0","0","27 MAD","/Date(1772233200000+0100)/",""
"482107","28/01/2026 09:50","941","Total AL BOUSTANE","","0","20","201 MAD","/Date(1769814000000+0100)/",""
"482107","28/01/2026 09:11","940","Total AL BOUSTANE","","0","37.82","380.09 MAD","/Date(1769814000000+0100)/",""
"420178","27/01/2026 18:35","5254","TOTAL 11 JANVIER","","0","32.45","346 MAD","/Date(1769814000000+0100)/",""
"278315","27/01/2026 18:29","","Larache","","0","0","39 MAD","/Date(1772233200000+0100)/",""
"468565","27/01/2026 18:19","","Mly Bousselham","","0","0","11 MAD","/Date(1772233200000+0100)/",""
"256184","27/01/2026 17:38","","Larache","","0","0","16 MAD","/Date(1772233200000+0100)/",""
"468565","27/01/2026 17:35","","M'Nasra","","0","0","14 MAD","/Date(1772233200000+0100)/",""
"476452","27/01/2026 16:46","933","Total AL BOUSTANE","","316889","50.75","510.04 MAD","/Date(1769814000000+0100)/",""
"256184","27/01/2026 16:13","","Mly Bousselham","","0","0","16 MAD","/Date(1772233200000+0100)/",""
"278315","27/01/2026 11:08","","Kénitra Nord","","0","0","39 MAD","/Date(1772233200000+0100)/",""
"468565","27/01/2026 10:38","","Larache","","0","0","27 MAD","/Date(1772233200000+0100)/",""
"468564","26/01/2026 20:00","",".","","0","0","167 MAD","/Date(1769814000000+0100)/",""
"278315","26/01/2026 19:08","","Larache","","0","0","39 MAD","/Date(1769814000000+0100)/",""
"468565","26/01/2026 19:02","","M'Nasra","","0","0","27 MAD","/Date(1769814000000+0100)/",""
"256184","26/01/2026 18:06","","Larache","","0","0","16 MAD","/Date(1769814000000+0100)/",""
"502815","26/01/2026 17:20","","Kénitra Centre","","0","0","13 MAD","/Date(1769814000000+0100)/",""
"502815","26/01/2026 17:12","","Larache","","0","0","39 MAD","/Date(1769814000000+0100)/",""
"256184","26/01/2026 15:49","","Mly Bousselham","","0","0","16 MAD","/Date(1769814000000+0100)/",""
"468564","26/01/2026 14:16","","Tit Méllil","","0","0","10 MAD","/Date(1769814000000+0100)/",""
"468564","26/01/2026 13:44","","Barrière Principale Bouz","","0","0","23 MAD","/Date(1769814000000+0100)/",""
"278315","26/01/2026 11:11","","Kénitra Nord","","0","0","39 MAD","/Date(1769814000000+0100)/",""
"468565","26/01/2026 11:06","","Larache","","0","0","27 MAD","/Date(1769814000000+0100)/",""
"482107","26/01/2026 10:53","917","Total AL BOUSTANE","","0","15","150.75 MAD","/Date(1769814000000+0100)/",""
"468565","26/01/2026 09:47","","DEMI TOUR NON AUTORI","","0","0","49 MAD","/Date(1769814000000+0100)/",""
"482107","26/01/2026 09:34","915","Total AL BOUSTANE","","0","40","402 MAD","/Date(1769814000000+0100)/",""
"482107","26/01/2026 09:32","914","Total AL BOUSTANE","","0","40.58","407.83 MAD","/Date(1769814000000+0100)/",""
"502815","26/01/2026 09:23","","Kénitra Nord","","0","0","28 MAD","/Date(1769814000000+0100)/",""
"502815","26/01/2026 08:38","","Kénitra Centre","","0","0","13 MAD","/Date(1769814000000+0100)/",""
"468565","25/01/2026 20:57","","Mly Bousselham","","0","0","11 MAD","/Date(1769814000000+0100)/",""
"468565","25/01/2026 20:28","","M'Nasra","","0","0","14 MAD","/Date(1769814000000+0100)/",""
"502815","25/01/2026 18:20","6548","Total AGUEDAL","","0","60.12","600 MAD","/Date(1769814000000+0100)/",""
"256184","25/01/2026 17:06","","Larache","","0","0","16 MAD","/Date(1769814000000+0100)/",""
"256184","25/01/2026 16:00","","Mly Bousselham","","0","0","16 MAD","/Date(1769814000000+0100)/",""
"468565","25/01/2026 13:55","","Mly Bousselham","","0","0","14 MAD","/Date(1769814000000+0100)/",""
"468565","25/01/2026 13:30","","Kénitra Nord","","0","0","28 MAD","/Date(1769814000000+0100)/",""
"468565","25/01/2026 10:08","","Larache","","0","0","27 MAD","/Date(1769814000000+0100)/",""
"482107","25/01/2026 09:11","908","Total AL BOUSTANE","","0","42.55","427.63 MAD","/Date(1769814000000+0100)/",""
"256184","24/01/2026 18:24","","Larache","","0","0","16 MAD","/Date(1769814000000+0100)/",""
"278315","24/01/2026 17:19","","Larache","","0","0","39 MAD","/Date(1769814000000+0100)/",""
"256184","24/01/2026 16:43","","Mly Bousselham","","0","0","16 MAD","/Date(1769814000000+0100)/",""
"468565","24/01/2026 13:46","","Mly Bousselham","","0","0","11 MAD","/Date(1769814000000+0100)/",""
"468565","24/01/2026 12:10","","Larache","","0","0","11 MAD","/Date(1769814000000+0100)/",""
"278315","24/01/2026 12:09","","Kénitra Nord","","0","0","39 MAD","/Date(1769814000000+0100)/",""
"482107","24/01/2026 11:40","902","Total AL BOUSTANE","","0","41.41","416.17 MAD","/Date(1769814000000+0100)/",""
"278315","23/01/2026 18:37","","Larache","","0","0","39 MAD","/Date(1769814000000+0100)/",""
"256184","23/01/2026 18:23","","Larache","","0","0","16 MAD","/Date(1769814000000+0100)/",""
"476452","23/01/2026 17:11","894","Total AL BOUSTANE","","316079","54.73","550.04 MAD","/Date(1769814000000+0100)/",""
"256184","23/01/2026 16:57","","Mly Bousselham","","0","0","16 MAD","/Date(1769814000000+0100)/",""
"468565","23/01/2026 14:06","","M'Nasra","","0","0","27 MAD","/Date(1769814000000+0100)/",""
"482107","23/01/2026 11:19","887","Total AL BOUSTANE","","0","10","100.5 MAD","/Date(1769814000000+0100)/",""
"468565","23/01/2026 10:36","","Larache","","0","0","27 MAD","/Date(1769814000000+0100)/",""
"278315","23/01/2026 10:06","","Kénitra Nord","","0","0","39 MAD","/Date(1769814000000+0100)/",""
"477036","22/01/2026 21:10","","Tit Méllil","","0","0","10 MAD","/Date(1769814000000+0100)/",""
"477036","22/01/2026 20:47","","Barrière Principale Bouz","","0","0","23 MAD","/Date(1769814000000+0100)/",""
"477036","22/01/2026 19:34","","Kénitra Centre","","0","0","13 MAD","/Date(1769814000000+0100)/",""
"278315","22/01/2026 19:31","","Larache","","0","0","39 MAD","/Date(1769814000000+0100)/",""
"477036","22/01/2026 19:24","","Larache","","0","0","39 MAD","/Date(1769814000000+0100)/",""
"502815","22/01/2026 18:56","","Kénitra Centre","","0","0","13 MAD","/Date(1769814000000+0100)/",""
"502815","22/01/2026 18:48","","Larache","","0","0","39 MAD","/Date(1769814000000+0100)/",""
"256184","22/01/2026 18:30","","Larache","","0","0","16 MAD","/Date(1769814000000+0100)/",""
"468565","22/01/2026 17:22","","M'Nasra","","0","0","27 MAD","/Date(1769814000000+0100)/",""
"256184","22/01/2026 16:41","","Mly Bousselham","","0","0","16 MAD","/Date(1769814000000+0100)/",""
"477036","22/01/2026 11:38","","Kénitra Nord","","0","0","39 MAD","/Date(1769814000000+0100)/",""
"502815","22/01/2026 10:43","","Kénitra Nord","","0","0","28 MAD","/Date(1769814000000+0100)/",""
"477036","22/01/2026 10:36","","Kénitra Centre","","0","0","13 MAD","/Date(1769814000000+0100)/",""
"468565","22/01/2026 10:19","","Larache","","0","0","27 MAD","/Date(1769814000000+0100)/",""
"477036","22/01/2026 10:18","","Sala-Al Jadida","","0","0","12 MAD","/Date(1769814000000+0100)/",""
"278315","22/01/2026 10:02","","Kénitra Nord","","0","0","39 MAD","/Date(1769814000000+0100)/",""
"477036","22/01/2026 10:02","2907","MAHATTA RELAIS BOUREGREG","","0","82.84","830.06 MAD","/Date(1769814000000+0100)/",""
"502815","22/01/2026 09:58","","Kénitra Centre","","0","0","13 MAD","/Date(1769814000000+0100)/",""
"477036","22/01/2026 09:31","","BOUZNIKA PV ENTREES","","0","0","23 MAD","/Date(1769814000000+0100)/",""
"477036","22/01/2026 09:08","","Tit Méllil","","0","0","10 MAD","/Date(1769814000000+0100)/",""
"482107","21/01/2026 19:02","870","Total AL BOUSTANE","","0","47.77","480.09 MAD","/Date(1769814000000+0100)/",""
"278315","21/01/2026 18:18","","Larache","","0","0","39 MAD","/Date(1769814000000+0100)/",""
"256184","21/01/2026 17:58","","Larache","","0","0","16 MAD","/Date(1769814000000+0100)/",""
"256184","21/01/2026 15:54","","Mly Bousselham","","0","0","16 MAD","/Date(1769814000000+0100)/",""
"482107","21/01/2026 14:32","865","Total AL BOUSTANE","","0","40.4","406.02 MAD","/Date(1769814000000+0100)/",""
"278315","21/01/2026 10:06","","Kénitra Nord","","0","0","39 MAD","/Date(1769814000000+0100)/",""
"477036","21/01/2026 10:03","3938","Mahatta - RELAIS AL BAID","","0","68.86","880.03 MAD","/Date(1769814000000+0100)/",""
"278315","20/01/2026 18:34","","Larache","","0","0","39 MAD","/Date(1769814000000+0100)/",""
"476452","20/01/2026 17:29","855","Total AL BOUSTANE","","315256","53.76","540.29 MAD","/Date(1769814000000+0100)/",""
"256184","20/01/2026 15:32","","Mly Bousselham","","0","0","16 MAD","/Date(1769814000000+0100)/",""
"482106","20/01/2026 12:46","7709","Mahatta - RELAIS AL BAID","","0","57.79","580.79 MAD","/Date(1769814000000+0100)/",""
"278315","20/01/2026 11:16","","Kénitra Nord","","0","0","39 MAD","/Date(1769814000000+0100)/",""
"278315","19/01/2026 18:20","","Larache","","0","0","39 MAD","/Date(1769814000000+0100)/",""
"502815","19/01/2026 18:03","","Kénitra Centre","","0","0","13 MAD","/Date(1769814000000+0100)/",""
"502815","19/01/2026 17:54","","Larache","","0","0","39 MAD","/Date(1769814000000+0100)/",""
"256184","19/01/2026 17:22","","Larache","","0","0","16 MAD","/Date(1769814000000+0100)/",""
"502815","19/01/2026 16:18","831","Total AL BOUSTANE","","0","60.1","640.07 MAD","/Date(1769814000000+0100)/",""
"482107","19/01/2026 13:12","824","Total AL BOUSTANE","","0","50.75","510.04 MAD","/Date(1769814000000+0100)/",""
"278315","19/01/2026 11:07","","Kénitra Nord","","0","0","39 MAD","/Date(1769814000000+0100)/",""
"502815","19/01/2026 10:38","","Kénitra Nord","","0","0","28 MAD","/Date(1769814000000+0100)/",""
"502815","19/01/2026 09:28","","Kénitra Centre","","0","0","13 MAD","/Date(1769814000000+0100)/",""
"502815","19/01/2026 09:09","","Sala-Al Jadida","","0","0","12 MAD","/Date(1769814000000+0100)/",""
"502815","18/01/2026 17:58","","Méknès Ouest","","0","0","34 MAD","/Date(1769814000000+0100)/",""
"256184","18/01/2026 17:23","","Larache","","0","0","16 MAD","/Date(1769814000000+0100)/",""
"256184","18/01/2026 15:27","","Mly Bousselham","","0","0","16 MAD","/Date(1769814000000+0100)/",""
"256184","17/01/2026 18:00","","Larache","","0","0","16 MAD","/Date(1769814000000+0100)/",""
"278315","17/01/2026 17:23","","Larache","","0","0","39 MAD","/Date(1769814000000+0100)/",""
"468564","17/01/2026 16:15","","BOUZNIKA PV ENTREES","","0","0","23 MAD","/Date(1769814000000+0100)/",""
"482107","17/01/2026 16:03","811","Total AL BOUSTANE","","0","47.77","480.09 MAD","/Date(1769814000000+0100)/",""
"477036","17/01/2026 15:59","","Tit Méllil","","0","0","10 MAD","/Date(1769814000000+0100)/",""
"256184","17/01/2026 15:58","","Mly Bousselham","","0","0","16 MAD","/Date(1769814000000+0100)/",""
"468564","17/01/2026 15:51","","Tit Méllil","","0","0","10 MAD","/Date(1769814000000+0100)/",""
"420178","17/01/2026 15:40","3493","Mahatta - RELAIS AL BAID","","0","43.2","460.08 MAD","/Date(1769814000000+0100)/",""
"468565","17/01/2026 15:37","","Kénitra Nord","","0","0","39 MAD","/Date(1769814000000+0100)/",""
"502815","17/01/2026 14:02","","Sidi Allal El Bahraoui","","0","0","34 MAD","/Date(1769814000000+0100)/",""
"477036","17/01/2026 13:03","","Tit Méllil","","0","0","10 MAD","/Date(1769814000000+0100)/",""
"278315","17/01/2026 12:21","","Kénitra Nord","","0","0","39 MAD","/Date(1769814000000+0100)/",""
"468565","17/01/2026 11:59","","Mly Bousselham","","0","0","14 MAD","/Date(1769814000000+0100)/",""
"482107","17/01/2026 11:17","810","Total AL BOUSTANE","","0","40","402 MAD","/Date(1769814000000+0100)/",""
"482107","17/01/2026 11:17","809","Total AL BOUSTANE","","0","40","402 MAD","/Date(1769814000000+0100)/",""
"468565","17/01/2026 11:09","","Larache","","0","0","11 MAD","/Date(1769814000000+0100)/",""
"468565","17/01/2026 10:38","","DEMI TOUR NON AUTORI","","0","0","49 MAD","/Date(1769814000000+0100)/",""
"256184","16/01/2026 18:03","","Larache","","0","0","16 MAD","/Date(1769814000000+0100)/",""
"278315","16/01/2026 18:00","","Larache","","0","0","39 MAD","/Date(1769814000000+0100)/",""
"476452","16/01/2026 16:57","801","Total AL BOUSTANE","","314449","59.71","600.09 MAD","/Date(1769814000000+0100)/",""
"482107","16/01/2026 16:21","800","Total AL BOUSTANE","","0","42.79","430.04 MAD","/Date(1769814000000+0100)/",""
"256184","16/01/2026 15:49","","Mly Bousselham","","0","0","16 MAD","/Date(1769814000000+0100)/",""
"502815","16/01/2026 15:00","4435","Total TEMARA","","0","65.61","660 MAD","/Date(1769814000000+0100)/",""
"502815","16/01/2026 14:17","","Kénitra Centre","","0","0","13 MAD","/Date(1769814000000+0100)/",""
"468564","16/01/2026 14:10","","Tit Méllil","","0","0","10 MAD","/Date(1769814000000+0100)/",""
"502815","16/01/2026 14:09","","Mly Bousselham","","0","0","28 MAD","/Date(1769814000000+0100)/",""
"468565","16/01/2026 13:50","","Mly Bousselham","","0","0","11 MAD","/Date(1769814000000+0100)/",""
"468564","16/01/2026 13:46","","Barrière Principale Bouz","","0","0","23 MAD","/Date(1769814000000+0100)/",""
"468565","16/01/2026 13:16","","Larache","","0","0","11 MAD","/Date(1769814000000+0100)/",""
"278315","16/01/2026 11:28","","Kénitra Nord","","0","0","39 MAD","/Date(1769814000000+0100)/",""
"502815","16/01/2026 10:09","","Kénitra Nord","","0","0","28 MAD","/Date(1769814000000+0100)/",""
"502815","16/01/2026 09:23","","Kénitra Centre","","0","0","13 MAD","/Date(1769814000000+0100)/",""
"468564","16/01/2026 00:14","","BOUZNIKA PV ENTREES","","0","0","23 MAD","/Date(1769814000000+0100)/",""
"468564","15/01/2026 23:52","","Tit Méllil","","0","0","10 MAD","/Date(1769814000000+0100)/",""
"468564","15/01/2026 23:36",""," Amsekroud","","0","0","167 MAD","/Date(1769814000000+0100)/",""
"477036","15/01/2026 21:35","","Tit Méllil","","0","0","10 MAD","/Date(1769814000000+0100)/",""
"477036","15/01/2026 21:13","","Barrière Principale Bouz","","0","0","23 MAD","/Date(1769814000000+0100)/",""
"477036","15/01/2026 20:18","","Kénitra Centre","","0","0","13 MAD","/Date(1769814000000+0100)/",""
"477036","15/01/2026 20:08","","Larache","","0","0","39 MAD","/Date(1769814000000+0100)/",""
"278315","15/01/2026 19:24","","Larache","","0","0","39 MAD","/Date(1769814000000+0100)/",""
"502815","15/01/2026 19:13","","Kénitra Centre","","0","0","13 MAD","/Date(1769814000000+0100)/",""
"502815","15/01/2026 19:04","","Larache","","0","0","39 MAD","/Date(1769814000000+0100)/",""
"420178","15/01/2026 18:28","4776","TOTAL 11 JANVIER","","0","18.11","193.05 MAD","/Date(1769814000000+0100)/",""
"256184","15/01/2026 17:37","","Larache","","0","0","16 MAD","/Date(1769814000000+0100)/",""
"256184","15/01/2026 15:20","","Mly Bousselham","","0","0","16 MAD","/Date(1769814000000+0100)/",""
"482107","15/01/2026 12:00","778","Total AL BOUSTANE","","0","40","402 MAD","/Date(1769814000000+0100)/",""
"477036","15/01/2026 11:04","","Kénitra Nord","","0","0","39 MAD","/Date(1769814000000+0100)/",""
"502815","15/01/2026 10:59","","Kénitra Nord","","0","0","39 MAD","/Date(1769814000000+0100)/",""
"468565","15/01/2026 10:14","","Mly Bousselham","","0","0","11 MAD","/Date(1769814000000+0100)/",""
"477036","15/01/2026 10:01","","Kénitra Centre","","0","0","13 MAD","/Date(1769814000000+0100)/",""
"477036","15/01/2026 09:42","","Sala-Al Jadida","","0","0","12 MAD","/Date(1769814000000+0100)/",""
"468565","15/01/2026 09:31","","Larache","","0","0","11 MAD","/Date(1769814000000+0100)/",""
"278315","15/01/2026 09:15","","Kénitra Nord","","0","0","28 MAD","/Date(1769814000000+0100)/",""
"502815","15/01/2026 09:09","","Kénitra Centre","","0","0","13 MAD","/Date(1769814000000+0100)/",""
"477036","15/01/2026 09:04","","BOUZNIKA PV ENTREES","","0","0","23 MAD","/Date(1769814000000+0100)/",""
"502815","15/01/2026 08:51","","Sala-Al Jadida","","0","0","12 MAD","/Date(1769814000000+0100)/",""
"477036","15/01/2026 08:42","","Tit Méllil","","0","0","10 MAD","/Date(1769814000000+0100)/",""
"278315","14/01/2026 20:30","","Kénitra Centre","","0","0","13 MAD","/Date(1769814000000+0100)/",""
"256184","14/01/2026 17:36","","Larache","","0","0","16 MAD","/Date(1769814000000+0100)/",""
"482107","14/01/2026 17:30","770","Total AL BOUSTANE","","0","47.96","482 MAD","/Date(1769814000000+0100)/",""
"256184","14/01/2026 15:29","","Mly Bousselham","","0","0","16 MAD","/Date(1769814000000+0100)/",""
"482107","14/01/2026 12:55","766","Total AL BOUSTANE","","0","40","402 MAD","/Date(1769814000000+0100)/",""
"256184","13/01/2026 18:39","","Larache","","0","0","16 MAD","/Date(1769814000000+0100)/",""
"468565","13/01/2026 18:26","","Mly Bousselham","","0","0","11 MAD","/Date(1769814000000+0100)/",""
"278315","13/01/2026 18:04","","Larache","","0","0","39 MAD","/Date(1769814000000+0100)/",""
"468565","13/01/2026 17:37","","M'Nasra","","0","0","14 MAD","/Date(1769814000000+0100)/",""
"256184","13/01/2026 15:47","","Mly Bousselham","","0","0","16 MAD","/Date(1769814000000+0100)/",""
"482107","13/01/2026 15:18","746","Total AL BOUSTANE","","0","45.78","460.09 MAD","/Date(1769814000000+0100)/",""
"468565","13/01/2026 13:43","","Larache","","0","0","27 MAD","/Date(1769814000000+0100)/",""
"482107","13/01/2026 12:50","744","Total AL BOUSTANE","","0","40","402 MAD","/Date(1769814000000+0100)/",""
"278315","13/01/2026 10:51","","Kénitra Nord","","0","0","39 MAD","/Date(1769814000000+0100)/",""
"482107","13/01/2026 10:04","737","Total AL BOUSTANE","","0","40","402 MAD","/Date(1769814000000+0100)/",""
"278315","12/01/2026 17:47","","Larache","","0","0","39 MAD","/Date(1769814000000+0100)/",""
"256184","12/01/2026 17:34","","Larache","","0","0","16 MAD","/Date(1769814000000+0100)/",""
"476452","12/01/2026 16:42","733","Total AL BOUSTANE","","313512","51.25","515.06 MAD","/Date(1769814000000+0100)/",""
"256184","12/01/2026 15:40","","Mly Bousselham","","0","0","16 MAD","/Date(1769814000000+0100)/",""
"468565","12/01/2026 12:29","","Mly Bousselham","","0","0","11 MAD","/Date(1769814000000+0100)/",""
"278315","12/01/2026 11:24","","Kénitra Nord","","0","0","39 MAD","/Date(1769814000000+0100)/",""
"468565","12/01/2026 10:55","","Larache","","0","0","11 MAD","/Date(1769814000000+0100)/",""
"278315","11/01/2026 21:32","","Kénitra Centre","","0","0","13 MAD","/Date(1769814000000+0100)/",""
"256184","11/01/2026 17:36","","Larache","","0","0","16 MAD","/Date(1769814000000+0100)/",""
"420178","11/01/2026 16:56","3311","TOTAL TILILA","","0","49.6","500 MAD","/Date(1769814000000+0100)/",""
"256184","11/01/2026 15:06","","Mly Bousselham","","0","0","16 MAD","/Date(1769814000000+0100)/",""
"256184","10/01/2026 17:46","","Larache","","0","0","16 MAD","/Date(1769814000000+0100)/",""
"278315","10/01/2026 17:02","","Larache","","0","0","39 MAD","/Date(1769814000000+0100)/",""
"482107","10/01/2026 15:52","719","Total AL BOUSTANE","","0","52.07","523.3 MAD","/Date(1769814000000+0100)/",""
"256184","10/01/2026 15:40","","Mly Bousselham","","0","0","16 MAD","/Date(1769814000000+0100)/",""
"482107","10/01/2026 12:41","717","Total AL BOUSTANE","","0","39.74","399.39 MAD","/Date(1769814000000+0100)/",""
"278315","10/01/2026 11:59","","Kénitra Nord","","0","0","39 MAD","/Date(1769814000000+0100)/",""
"482107","10/01/2026 09:23","653","Total ROSALES","","0","43.44","490 MAD","/Date(1769814000000+0100)/",""
"278315","09/01/2026 18:14","","Larache","","0","0","39 MAD","/Date(1769814000000+0100)/",""
"256184","09/01/2026 17:45","","Larache","","0","0","16 MAD","/Date(1769814000000+0100)/",""
"476452","09/01/2026 17:09","709","Total AL BOUSTANE","","312818","49.76","500.09 MAD","/Date(1769814000000+0100)/",""
"256184","09/01/2026 16:10","","Mly Bousselham","","0","0","16 MAD","/Date(1769814000000+0100)/",""
"477036","09/01/2026 14:16","6583","Mahatta - RELAIS AL BAID","","0","89.97","904.2 MAD","/Date(1769814000000+0100)/",""
"278315","09/01/2026 11:26","","Kénitra Nord","","0","0","39 MAD","/Date(1769814000000+0100)/",""
"477036","08/01/2026 21:19","","Tit Méllil","","0","0","10 MAD","/Date(1769814000000+0100)/",""
"477036","08/01/2026 20:57","","Barrière Principale Bouz","","0","0","23 MAD","/Date(1769814000000+0100)/",""
"477036","08/01/2026 20:27","","Sala-Al Jadida","","0","0","12 MAD","/Date(1769814000000+0100)/",""
"477036","08/01/2026 20:06","","Kénitra Centre","","0","0","13 MAD","/Date(1769814000000+0100)/",""
"278315","08/01/2026 18:51","","Larache","","0","0","39 MAD","/Date(1769814000000+0100)/",""
"482106","08/01/2026 18:37","6441","Mahatta - RELAIS AL BAID","","0","58.05","583.4 MAD","/Date(1769814000000+0100)/",""
"256184","08/01/2026 17:42","","Larache","","0","0","16 MAD","/Date(1769814000000+0100)/",""
"482107","08/01/2026 16:17","697","Total AL BOUSTANE","","0","40","402 MAD","/Date(1769814000000+0100)/",""
"468565","08/01/2026 16:16","","Mly Bousselham","","0","0","11 MAD","/Date(1769814000000+0100)/",""
"256184","08/01/2026 16:16","","Mly Bousselham","","0","0","16 MAD","/Date(1769814000000+0100)/",""
"482107","08/01/2026 15:12","695","Total AL BOUSTANE","","0","40.7","409.04 MAD","/Date(1769814000000+0100)/",""
"468565","08/01/2026 15:03","","Larache","","0","0","11 MAD","/Date(1769814000000+0100)/",""
"482107","08/01/2026 15:00","694","Total AL BOUSTANE","","0","40","402 MAD","/Date(1769814000000+0100)/",""
"477036","08/01/2026 14:18","","Kénitra Centre","","0","0","13 MAD","/Date(1769814000000+0100)/",""
"477036","08/01/2026 12:59","","BOUZNIKA PV ENTREES","","0","0","23 MAD","/Date(1769814000000+0100)/",""
"477036","08/01/2026 12:37","","Tit Méllil","","0","0","10 MAD","/Date(1769814000000+0100)/",""
"278315","08/01/2026 11:46","","Kénitra Nord","","0","0","39 MAD","/Date(1769814000000+0100)/",""
"278315","07/01/2026 19:16","","Larache","","0","0","39 MAD","/Date(1769814000000+0100)/",""
"256184","07/01/2026 16:28","","Larache","","0","0","16 MAD","/Date(1769814000000+0100)/",""
"468565","07/01/2026 15:41","","M'Nasra","","0","0","27 MAD","/Date(1769814000000+0100)/",""
"256184","07/01/2026 14:37","","Mly Bousselham","","0","0","16 MAD","/Date(1769814000000+0100)/",""
"468565","07/01/2026 11:28","","Mly Bousselham","","0","0","14 MAD","/Date(1769814000000+0100)/",""
"278315","07/01/2026 10:57","","Kénitra Nord","","0","0","39 MAD","/Date(1769814000000+0100)/",""
"468565","07/01/2026 10:40","","Larache","","0","0","11 MAD","/Date(1769814000000+0100)/",""
"482107","07/01/2026 09:27","675","Total AL BOUSTANE","","0","50.05","503 MAD","/Date(1769814000000+0100)/",""
"477036","06/01/2026 21:44","","Tit Méllil","","0","0","10 MAD","/Date(1769814000000+0100)/",""
"477036","06/01/2026 21:22","","Barrière Principale Bouz","","0","0","23 MAD","/Date(1769814000000+0100)/",""
"477036","06/01/2026 17:49","","BOUZNIKA PV ENTREES","","0","0","23 MAD","/Date(1769814000000+0100)/",""
"256184","06/01/2026 17:41","","Larache","","0","0","16 MAD","/Date(1769814000000+0100)/",""
"477036","06/01/2026 17:27","","Tit Méllil","","0","0","10 MAD","/Date(1769814000000+0100)/",""
"468565","06/01/2026 16:51","","M'Nasra","","0","0","27 MAD","/Date(1769814000000+0100)/",""
"278315","06/01/2026 16:44","","Larache","","0","0","39 MAD","/Date(1769814000000+0100)/",""
"476452","06/01/2026 15:41","672","Total AL BOUSTANE","","312020","46.78","500.08 MAD","/Date(1769814000000+0100)/",""
"256184","06/01/2026 15:32","","Mly Bousselham","","0","0","16 MAD","/Date(1769814000000+0100)/",""
"278315","06/01/2026 10:27","","Kénitra Nord","","0","0","39 MAD","/Date(1769814000000+0100)/",""
"468565","06/01/2026 09:45","","Larache","","0","0","39 MAD","/Date(1769814000000+0100)/",""
"482106","06/01/2026 08:39","1977","Mahatta - RELAIS AL BAID","","0","67.67","680.08 MAD","/Date(1769814000000+0100)/",""
"256184","05/01/2026 17:22","","Larache","","0","0","16 MAD","/Date(1769814000000+0100)/",""
"278315","05/01/2026 17:11","","Kénitra Centre","","0","0","13 MAD","/Date(1769814000000+0100)/",""
"468565","05/01/2026 17:05","","Kénitra Nord","","0","0","39 MAD","/Date(1769814000000+0100)/",""
"278315","05/01/2026 17:03","","Larache","","0","0","39 MAD","/Date(1769814000000+0100)/",""
"482107","05/01/2026 17:02","654","Total AL BOUSTANE","","0","43.97","470.04 MAD","/Date(1769814000000+0100)/",""
"256184","05/01/2026 15:31","","Mly Bousselham","","0","0","16 MAD","/Date(1769814000000+0100)/",""
"278315","05/01/2026 11:37","","Kénitra Nord","","0","0","39 MAD","/Date(1769814000000+0100)/",""
"468565","05/01/2026 11:05","","Mly Bousselham","","0","0","14 MAD","/Date(1769814000000+0100)/",""
"468565","05/01/2026 10:18","","Larache","","0","0","11 MAD","/Date(1769814000000+0100)/",""
"476452","05/01/2026 09:55","3391","Total AVENIR","","311529","44.09","440.02 MAD","/Date(1769814000000+0100)/",""
"482107","04/01/2026 18:08","570","Total ROSALES","","0","46.1","520 MAD","/Date(1769814000000+0100)/",""
"482107","04/01/2026 18:04","569","Total ROSALES","","0","39.01","440 MAD","/Date(1769814000000+0100)/",""
"256184","04/01/2026 17:33","","Larache","","0","0","16 MAD","/Date(1769814000000+0100)/",""
"256184","04/01/2026 16:14","","Mly Bousselham","","0","0","16 MAD","/Date(1769814000000+0100)/",""
"482107","04/01/2026 15:24","644","Total AL BOUSTANE","","0","37.42","400 MAD","/Date(1769814000000+0100)/",""
"468565","04/01/2026 15:10","","Mly Bousselham","","0","0","11 MAD","/Date(1769814000000+0100)/",""
"468565","04/01/2026 12:24","","Larache","","0","0","11 MAD","/Date(1769814000000+0100)/",""
"477036","03/01/2026 21:08","","Tit Méllil","","0","0","10 MAD","/Date(1769814000000+0100)/",""
"477036","03/01/2026 20:35","","Barrière Principale Bouz","","0","0","23 MAD","/Date(1769814000000+0100)/",""
"256184","03/01/2026 18:07","","Larache","","0","0","16 MAD","/Date(1769814000000+0100)/",""
"278315","03/01/2026 17:39","","Larache","","0","0","39 MAD","/Date(1769814000000+0100)/",""
"256184","03/01/2026 11:33","","Mly Bousselham","","0","0","16 MAD","/Date(1769814000000+0100)/",""
"278315","03/01/2026 11:28","","Kénitra Nord","","0","0","39 MAD","/Date(1769814000000+0100)/",""
"468565","03/01/2026 11:08","","Mly Bousselham","","0","0","11 MAD","/Date(1769814000000+0100)/",""
"468565","03/01/2026 09:55","","Larache","","0","0","11 MAD","/Date(1769814000000+0100)/",""
"256184","02/01/2026 18:26","","Larache","","0","0","16 MAD","/Date(1769814000000+0100)/",""
"278315","02/01/2026 16:36","","Larache","","0","0","39 MAD","/Date(1769814000000+0100)/",""
"256184","02/01/2026 16:07","","Mly Bousselham","","0","0","16 MAD","/Date(1769814000000+0100)/",""
"468565","02/01/2026 15:09","","M'Nasra","","0","0","27 MAD","/Date(1769814000000+0100)/",""
"482107","02/01/2026 13:39","626","Total AL BOUSTANE","","0","40","427.6 MAD","/Date(1769814000000+0100)/",""
"278315","02/01/2026 11:38","","Kénitra Nord","","0","0","39 MAD","/Date(1769814000000+0100)/",""
"468565","02/01/2026 09:55","","Larache","","0","0","27 MAD","/Date(1769814000000+0100)/",""
"482107","02/01/2026 09:11","621","Total AL BOUSTANE","","0","40.23","430.06 MAD","/Date(1769814000000+0100)/",""
"468565","01/01/2026 18:53","","M'Nasra","","0","0","27 MAD","/Date(1769814000000+0100)/",""
"256184","01/01/2026 17:56","","Larache","","0","0","16 MAD","/Date(1769814000000+0100)/",""
"256184","01/01/2026 16:13","","Mly Bousselham","","0","0","16 MAD","/Date(1769814000000+0100)/",""
"482107","01/01/2026 14:22","617","Total AL BOUSTANE","","0","40","427.6 MAD","/Date(1769814000000+0100)/",""
"482107","01/01/2026 12:03","616","Total AL BOUSTANE","","0","48.18","515.04 MAD","/Date(1769814000000+0100)/",""
"468565","01/01/2026 10:12","","Mly Bousselham","","0","0","14 MAD","/Date(1769814000000+0100)/",""
"468565","01/01/2026 09:39","","Larache","","0","0","11 MAD","/Date(1769814000000+0100)/",""
"278315","31/12/2025 19:00","","Larache","","0","0","39 MAD","/Date(1769814000000+0100)/",""
"476452","31/12/2025 17:35","611","Total AL BOUSTANE","","310747","51.45","550 MAD","/Date(1767135600000+0100)/",""
"256184","31/12/2025 17:20","","Larache","","0","0","16 MAD","/Date(1769814000000+0100)/",""
"256184","31/12/2025 15:13","","Mly Bousselham","","0","0","16 MAD","/Date(1769814000000+0100)/",""
"420178","31/12/2025 14:32","4243","TOTAL 11 JANVIER","","0","13.55","145 MAD","/Date(1767135600000+0100)/",""
"468565","31/12/2025 13:07","","Kénitra Nord","","0","0","39 MAD","/Date(1769814000000+0100)/",""
"278315","31/12/2025 11:29","","Kénitra Nord","","0","0","39 MAD","/Date(1769814000000+0100)/",""
"468565","31/12/2025 10:20","","Larache","","0","0","39 MAD","/Date(1769814000000+0100)/",""
"482107","31/12/2025 09:11","599","Total AL BOUSTANE","","0","41.16","440 MAD","/Date(1767135600000+0100)/",""
"468565","30/12/2025 18:27","","Mly Bousselham","","0","0","11 MAD","/Date(1769814000000+0100)/",""
"256184","30/12/2025 18:26","","Larache","","0","0","16 MAD","/Date(1769814000000+0100)/",""
"468565","30/12/2025 17:46","","M'Nasra","","0","0","14 MAD","/Date(1769814000000+0100)/",""
"278315","30/12/2025 17:34","","Larache","","0","0","39 MAD","/Date(1769814000000+0100)/",""
"256184","30/12/2025 15:04","","Mly Bousselham","","0","0","16 MAD","/Date(1769814000000+0100)/",""
"278315","30/12/2025 11:19","","Kénitra Nord","","0","0","39 MAD","/Date(1769814000000+0100)/",""
"468565","30/12/2025 09:41","","Larache","","0","0","27 MAD","/Date(1769814000000+0100)/",""
"278315","29/12/2025 18:15","","Larache","","0","0","39 MAD","/Date(1769814000000+0100)/",""
"256184","29/12/2025 18:02","","Larache","","0","0","16 MAD","/Date(1769814000000+0100)/",""
"468565","29/12/2025 16:28","","M'Nasra","","0","0","27 MAD","/Date(1769814000000+0100)/",""
"256184","29/12/2025 15:54","","Mly Bousselham","","0","0","16 MAD","/Date(1769814000000+0100)/",""
"278315","29/12/2025 12:31","","Kénitra Nord","","0","0","39 MAD","/Date(1769814000000+0100)/",""
"468565","29/12/2025 09:35","","Larache","","0","0","27 MAD","/Date(1769814000000+0100)/",""
"482107","29/12/2025 08:52","582","Total AL BOUSTANE","","0","36.94","420.01 MAD","/Date(1767135600000+0100)/",""
"256184","28/12/2025 17:56","","Larache","","0","0","16 MAD","/Date(1769814000000+0100)/",""
"468565","28/12/2025 16:23","","M'Nasra","","0","0","27 MAD","/Date(1769814000000+0100)/",""
"482107","28/12/2025 15:13","575","Total AL BOUSTANE","","0","48.38","550.08 MAD","/Date(1767135600000+0100)/",""
"468565","28/12/2025 10:20","","Larache","","0","0","27 MAD","/Date(1769814000000+0100)/",""
"468565","27/12/2025 17:36","","M'Nasra","","0","0","27 MAD","/Date(1769814000000+0100)/",""
"476452","27/12/2025 17:04","5923","Total AVENIR","","310065","37.67","400.06 MAD","/Date(1767135600000+0100)/",""
"256184","27/12/2025 15:45","","Mly Bousselham","","0","0","16 MAD","/Date(1769814000000+0100)/",""
"477036","27/12/2025 15:08","","Sala-Al Jadida","","0","0","12 MAD","/Date(1769814000000+0100)/",""
"477036","27/12/2025 14:39","","BOUZNIKA PV ENTREES","","0","0","23 MAD","/Date(1769814000000+0100)/",""
"477036","27/12/2025 14:17","","Tit Méllil","","0","0","10 MAD","/Date(1769814000000+0100)/",""
"468565","27/12/2025 10:16","","Mly Bousselham","","0","0","14 MAD","/Date(1769814000000+0100)/",""
"468565","27/12/2025 09:29","","Larache","","0","0","11 MAD","/Date(1769814000000+0100)/",""
"482107","27/12/2025 08:59","565","Total AL BOUSTANE","","0","42.1","450.05 MAD","/Date(1767135600000+0100)/",""
"278315","26/12/2025 22:17","","Kénitra Centre","","0","0","13 MAD","/Date(1767135600000+0100)/",""
"256184","26/12/2025 18:04","","Larache","","0","0","16 MAD","/Date(1767135600000+0100)/",""
"256184","26/12/2025 15:49","","Mly Bousselham","","0","0","16 MAD","/Date(1767135600000+0100)/",""
"502815","26/12/2025 13:45","","Kénitra Centre","","0","0","13 MAD","/Date(1767135600000+0100)/",""
"482107","26/12/2025 12:26","556","Total AL BOUSTANE","","0","51.45","550 MAD","/Date(1767135600000+0100)/",""
"468565","26/12/2025 11:43","","Mly Bousselham","","0","0","11 MAD","/Date(1767135600000+0100)/",""
"278315","26/12/2025 11:37","","Kénitra Centre","","0","0","13 MAD","/Date(1767135600000+0100)/",""
"502815","26/12/2025 11:34","","M'Nasra","","0","0","13 MAD","/Date(1767135600000+0100)/",""
"502815","26/12/2025 10:29","","KENITRA CENTRE","","0","0","51 MAD","/Date(1767135600000+0100)/",""
"468565","26/12/2025 10:29","","Larache","","0","0","11 MAD","/Date(1767135600000+0100)/",""
"278315","25/12/2025 18:45","","Larache","","0","0","39 MAD","/Date(1767135600000+0100)/",""
"256184","25/12/2025 17:36","","Larache","","0","0","16 MAD","/Date(1767135600000+0100)/",""
"468565","25/12/2025 16:51","","Mly Bousselham","","0","0","11 MAD","/Date(1767135600000+0100)/",""
"502815","25/12/2025 16:42","","Larache","","0","0","27 MAD","/Date(1767135600000+0100)/",""
"468565","25/12/2025 16:08","","M'Nasra","","0","0","14 MAD","/Date(1767135600000+0100)/",""
"256184","25/12/2025 16:02","","Mly Bousselham","","0","0","16 MAD","/Date(1767135600000+0100)/",""
"477036","25/12/2025 12:49","","Casa Est (Entrée)","","0","0","5 MAD","/Date(1767135600000+0100)/",""
"482107","25/12/2025 12:07","546","Total AL BOUSTANE","","0","40","427.6 MAD","/Date(1767135600000+0100)/",""
"502815","25/12/2025 10:50","","KENITRA CENTRE","","0","0","24 MAD","/Date(1767135600000+0100)/",""
"278315","25/12/2025 10:40","","Kénitra Nord","","0","0","39 MAD","/Date(1767135600000+0100)/",""
"468565","25/12/2025 09:53","","Mly Bousselham","","0","0","14 MAD","/Date(1767135600000+0100)/",""
"468565","25/12/2025 09:22","","Larache","","0","0","11 MAD","/Date(1767135600000+0100)/",""
"256184","24/12/2025 18:06","","Larache","","0","0","16 MAD","/Date(1767135600000+0100)/",""
"468565","24/12/2025 16:48","","Mly Bousselham","","0","0","11 MAD","/Date(1767135600000+0100)/",""
"468565","24/12/2025 16:17","","M'Nasra","","0","0","14 MAD","/Date(1767135600000+0100)/",""
"256184","24/12/2025 15:09","","Mly Bousselham","","0","0","16 MAD","/Date(1767135600000+0100)/",""
"502815","24/12/2025 15:05","","Larache","","0","0","27 MAD","/Date(1767135600000+0100)/",""
"482107","24/12/2025 12:03","528","Total AL BOUSTANE","","0","48.17","514.94 MAD","/Date(1767135600000+0100)/",""
"502815","24/12/2025 11:15","","KENITRA CENTRE","","0","0","27 MAD","/Date(1767135600000+0100)/",""
"468565","24/12/2025 10:50","","Mly Bousselham","","0","0","14 MAD","/Date(1767135600000+0100)/",""
"476452","24/12/2025 10:17","5861","Total AVENIR","","309472","35.79","380.09 MAD","/Date(1767135600000+0100)/",""
"468565","24/12/2025 09:30","","Larache","","0","0","11 MAD","/Date(1767135600000+0100)/",""
"482107","24/12/2025 09:03","522","Total AL BOUSTANE","","0","42.1","450.05 MAD","/Date(1767135600000+0100)/",""
"468565","23/12/2025 18:40","","DEMI TOUR NON AUTORI","","0","0","49 MAD","/Date(1767135600000+0100)/",""
"502815","23/12/2025 18:16","","LIXUS","","0","0","24 MAD","/Date(1767135600000+0100)/",""
"256184","23/12/2025 17:55","","Larache","","0","0","16 MAD","/Date(1767135600000+0100)/",""
"278315","23/12/2025 16:20","","Larache","","0","0","39 MAD","/Date(1767135600000+0100)/",""
"256184","23/12/2025 15:32","","Mly Bousselham","","0","0","16 MAD","/Date(1767135600000+0100)/",""
"278315","23/12/2025 12:53","","Kénitra Nord","","0","0","39 MAD","/Date(1767135600000+0100)/",""
"502815","23/12/2025 11:45","","KENITRA CENTRE","","0","0","27 MAD","/Date(1767135600000+0100)/",""
"468565","23/12/2025 10:13","","Larache","","0","0","27 MAD","/Date(1767135600000+0100)/",""
"477036","23/12/2025 09:36","648","MAHATTA RELAIS BOUREGREG","","0","49.73","530.12 MAD","/Date(1767135600000+0100)/",""
"256184","22/12/2025 17:44","","Larache","","0","0","16 MAD","/Date(1767135600000+0100)/",""
"502815","22/12/2025 16:14","","LIXUS","","0","0","24 MAD","/Date(1767135600000+0100)/",""
"278315","22/12/2025 16:08","","Larache","","0","0","39 MAD","/Date(1767135600000+0100)/",""
"256184","22/12/2025 15:28","","Mly Bousselham","","0","0","16 MAD","/Date(1767135600000+0100)/",""
"502815","22/12/2025 14:57","","Mly Bousselham","","0","0","11 MAD","/Date(1767135600000+0100)/",""
"278315","22/12/2025 12:36","","Kénitra Nord","","0","0","39 MAD","/Date(1767135600000+0100)/",""
"476452","22/12/2025 11:21","3037","Total AVENIR","","308928","48.97","520.06 MAD","/Date(1767135600000+0100)/",""
"502815","22/12/2025 11:01","","Kénitra Nord","","0","0","28 MAD","/Date(1767135600000+0100)/",""
"502815","22/12/2025 10:15","","Kénitra Centre","","0","0","13 MAD","/Date(1767135600000+0100)/",""
"256184","21/12/2025 17:48","","Larache","","0","0","16 MAD","/Date(1767135600000+0100)/",""
"468565","21/12/2025 16:32","","M'Nasra","","0","0","27 MAD","/Date(1767135600000+0100)/",""
"256184","21/12/2025 15:20","","Mly Bousselham","","0","0","16 MAD","/Date(1767135600000+0100)/",""
"468565","21/12/2025 10:32","","Mly Bousselham","","0","0","14 MAD","/Date(1767135600000+0100)/",""
"468565","21/12/2025 09:36","","Larache","","0","0","11 MAD","/Date(1767135600000+0100)/",""
"482107","21/12/2025 08:55","499","Total AL BOUSTANE","","0","46.35","495.48 MAD","/Date(1767135600000+0100)/",""
"502815","20/12/2025 21:14","","BOUZNIKA PV ENTREES","","0","0","23 MAD","/Date(1767135600000+0100)/",""
"502815","20/12/2025 20:53","","Tit Méllil","","0","0","10 MAD","/Date(1767135600000+0100)/",""
"502815","20/12/2025 20:39","","Boujad","","0","0","61 MAD","/Date(1767135600000+0100)/",""
"468564","20/12/2025 20:37","","Berrechid Centre ","","0","0","164 MAD","/Date(1767135600000+0100)/",""
"256184","20/12/2025 17:55","","Larache","","0","0","16 MAD","/Date(1767135600000+0100)/",""
"420178","20/12/2025 16:38","82","Mahatta - Relais CHAOUIA","","0","38.69","414 MAD","/Date(1767135600000+0100)/",""
"256184","20/12/2025 15:54","","Mly Bousselham","","0","0","16 MAD","/Date(1767135600000+0100)/",""
"502815","20/12/2025 14:45","",".","","0","0","61 MAD","/Date(1767135600000+0100)/",""
"502815","20/12/2025 12:53","","Tit Méllil","","0","0","10 MAD","/Date(1767135600000+0100)/",""
"502815","20/12/2025 12:31","","Barrière Principale Bouz","","0","0","23 MAD","/Date(1767135600000+0100)/",""
"256184","19/12/2025 18:10","","Larache","","0","0","16 MAD","/Date(1767135600000+0100)/",""
"256184","19/12/2025 16:08","","Mly Bousselham","","0","0","16 MAD","/Date(1767135600000+0100)/",""
"502815","19/12/2025 15:03","","Méknès Ouest","","0","0","34 MAD","/Date(1767135600000+0100)/",""
"502815","19/12/2025 14:23","5570","MAHTTA RELAIS KHEMISSET","","0","37.42","400 MAD","/Date(1767135600000+0100)/",""
"468564","19/12/2025 13:56",""," Amsekroud","","0","0","164 MAD","/Date(1767135600000+0100)/",""
"482107","19/12/2025 12:25","477","Total AL BOUSTANE","","0","40","441.6 MAD","/Date(1767135600000+0100)/",""
"482107","19/12/2025 09:18","470","Total AL BOUSTANE","","0","54.36","600.13 MAD","/Date(1767135600000+0100)/",""
"482106","18/12/2025 19:11","4074","Mahatta - RELAIS AL BAID","","0","52.26","590.02 MAD","/Date(1767135600000+0100)/",""
"256184","18/12/2025 17:41","","Larache","","0","0","16 MAD","/Date(1767135600000+0100)/",""
"256184","18/12/2025 15:58","","Mly Bousselham","","0","0","16 MAD","/Date(1767135600000+0100)/",""
"502815","18/12/2025 15:51","","Sidi Allal El Bahraoui","","0","0","34 MAD","/Date(1767135600000+0100)/",""
"502815","18/12/2025 14:19","","Larache","","0","0","39 MAD","/Date(1767135600000+0100)/",""
"468565","18/12/2025 13:46","","Mly Bousselham","","0","0","11 MAD","/Date(1767135600000+0100)/",""
"468565","18/12/2025 12:46","","Larache","","0","0","11 MAD","/Date(1767135600000+0100)/",""
"502815","18/12/2025 10:36","","KENITRA CENTRE","","0","0","27 MAD","/Date(1767135600000+0100)/",""
"482107","18/12/2025 10:05","457","Total AL BOUSTANE","","0","50.73","560.06 MAD","/Date(1767135600000+0100)/",""
"482107","18/12/2025 10:03","456","Total AL BOUSTANE","","0","20","220.8 MAD","/Date(1767135600000+0100)/",""
"502815","17/12/2025 18:47","","Larache","","0","0","27 MAD","/Date(1767135600000+0100)/",""
"256184","17/12/2025 18:09","","Larache","","0","0","16 MAD","/Date(1767135600000+0100)/",""
"502815","17/12/2025 17:53","449","Total AL BOUSTANE","","0","69.76","770.15 MAD","/Date(1767135600000+0100)/",""
"468565","17/12/2025 15:54","","M'Nasra","","0","0","27 MAD","/Date(1767135600000+0100)/",""
"256184","17/12/2025 14:55","","Mly Bousselham","","0","0","16 MAD","/Date(1767135600000+0100)/",""
"502815","17/12/2025 10:29","","Kénitra Nord","","0","0","28 MAD","/Date(1767135600000+0100)/",""
"468565","17/12/2025 10:19","","Larache","","0","0","27 MAD","/Date(1767135600000+0100)/",""
"502815","17/12/2025 09:43","","Kénitra Centre","","0","0","13 MAD","/Date(1767135600000+0100)/",""
"482107","17/12/2025 09:32","441","Total AL BOUSTANE","","0","46.2","510.05 MAD","/Date(1767135600000+0100)/",""
"256184","16/12/2025 17:57","","Larache","","0","0","16 MAD","/Date(1767135600000+0100)/",""
"256184","16/12/2025 16:06","","Mly Bousselham","","0","0","16 MAD","/Date(1767135600000+0100)/",""
"502815","15/12/2025 19:16","","BOUZNIKA PV ENTREES","","0","0","23 MAD","/Date(1767135600000+0100)/",""
"502815","15/12/2025 18:53","","Tit Méllil","","0","0","10 MAD","/Date(1767135600000+0100)/",""
"502815","15/12/2025 18:39","","Boujad","","0","0","61 MAD","/Date(1767135600000+0100)/",""
"256184","15/12/2025 17:57","","Larache","","0","0","16 MAD","/Date(1767135600000+0100)/",""
"256184","15/12/2025 15:27","","Mly Bousselham","","0","0","16 MAD","/Date(1767135600000+0100)/",""
"468565","15/12/2025 12:23","","Larache","","0","0","11 MAD","/Date(1767135600000+0100)/",""
"502815","15/12/2025 11:27","",".","","0","0","66 MAD","/Date(1767135600000+0100)/",""
"502815","15/12/2025 09:34","","Tit Méllil","","0","0","10 MAD","/Date(1767135600000+0100)/",""
"502815","15/12/2025 09:13","","Barrière Principale Bouz","","0","0","23 MAD","/Date(1767135600000+0100)/",""
"502815","15/12/2025 08:49","323","Total AIN ATIQ","","0","46.58","510.1 MAD","/Date(1767135600000+0100)/",""
"256184","14/12/2025 18:31","","Larache","","0","0","16 MAD","/Date(1767135600000+0100)/",""
"256184","14/12/2025 15:21","","Mly Bousselham","","0","0","16 MAD","/Date(1767135600000+0100)/",""
"477036","13/12/2025 20:27","3601","Mahatta - RELAIS AL BAID","","0","69.28","940.13 MAD","/Date(1767135600000+0100)/",""
"256184","13/12/2025 17:52","","Larache","","0","0","16 MAD","/Date(1767135600000+0100)/",""
"482107","13/12/2025 17:28","399","Total AL BOUSTANE","","0","49.12","542.28 MAD","/Date(1767135600000+0100)/",""
"256184","13/12/2025 15:22","","Mly Bousselham","","0","0","16 MAD","/Date(1767135600000+0100)/",""
"420178","13/12/2025 13:26","334","Total MALAKIA","","0","37.77","440.02 MAD","/Date(1767135600000+0100)/",""
"482107","13/12/2025 10:24","391","Total AL BOUSTANE","","0","40","441.6 MAD","/Date(1767135600000+0100)/",""
"256184","12/12/2025 17:59","","Larache","","0","0","16 MAD","/Date(1767135600000+0100)/",""
"256184","12/12/2025 16:09","","Mly Bousselham","","0","0","16 MAD","/Date(1767135600000+0100)/",""
"502815","12/12/2025 13:59","","Kénitra Centre","","0","0","13 MAD","/Date(1767135600000+0100)/",""
"482107","12/12/2025 12:46","382","Total AL BOUSTANE","","0","20","220.8 MAD","/Date(1767135600000+0100)/",""
"502815","12/12/2025 11:44","","KENITRA CENTRE","","0","0","66 MAD","/Date(1767135600000+0100)/",""
"477036","12/12/2025 08:16","9059","Mahatta - RELAIS AL BAID","","0","48.11","560 MAD","/Date(1767135600000+0100)/",""
"256184","11/12/2025 17:57","","Larache","","0","0","16 MAD","/Date(1767135600000+0100)/",""
"502815","11/12/2025 16:38","","Asilah ","","0","0","11 MAD","/Date(1767135600000+0100)/",""
"256184","11/12/2025 16:24","","DEMI TOUR NON AUTORI","","0","0","88 MAD","/Date(1767135600000+0100)/",""
"482107","11/12/2025 16:02","369","Total AL BOUSTANE","","0","46.62","530.07 MAD","/Date(1767135600000+0100)/",""
"468565","11/12/2025 14:01","","Larache","","0","0","11 MAD","/Date(1767135600000+0100)/",""
"502815","11/12/2025 13:59","","Larache","","0","0","14 MAD","/Date(1767135600000+0100)/",""
"502815","11/12/2025 12:20","366","Total AL BOUSTANE","","0","52.78","600.11 MAD","/Date(1767135600000+0100)/",""
"482107","11/12/2025 11:24","51","Total ROSALES","","0","48.76","550 MAD","/Date(1767135600000+0100)/",""
"502815","11/12/2025 10:32","","KENITRA CENTRE","","0","0","27 MAD","/Date(1767135600000+0100)/",""
"502815","10/12/2025 19:01","","Larache","","0","0","27 MAD","/Date(1767135600000+0100)/",""
"278315","10/12/2025 18:53","","Larache","","0","0","39 MAD","/Date(1767135600000+0100)/",""
"256184","10/12/2025 18:28","","Larache","","0","0","16 MAD","/Date(1767135600000+0100)/",""
"256184","10/12/2025 16:02","","Mly Bousselham","","0","0","16 MAD","/Date(1767135600000+0100)/",""
"278315","10/12/2025 11:37","","Kénitra Nord","","0","0","39 MAD","/Date(1767135600000+0100)/",""
"502815","10/12/2025 10:52","","Kénitra Nord","","0","0","28 MAD","/Date(1767135600000+0100)/",""
"502815","10/12/2025 10:06","","Kénitra Centre","","0","0","13 MAD","/Date(1767135600000+0100)/",""
"482107","09/12/2025 19:13","339","Total AL BOUSTANE","","0","48.92","540.08 MAD","/Date(1767135600000+0100)/",""
"278315","09/12/2025 19:10","","Larache","","0","0","39 MAD","/Date(1767135600000+0100)/",""
"256184","09/12/2025 18:29","","Larache","","0","0","16 MAD","/Date(1767135600000+0100)/",""
"476452","09/12/2025 18:07","337","Total AL BOUSTANE","","307861","51.63","570 MAD","/Date(1767135600000+0100)/",""
"256184","09/12/2025 16:24","","Mly Bousselham","","0","0","16 MAD","/Date(1767135600000+0100)/",""
"278315","09/12/2025 10:39","","Kénitra Nord","","0","0","39 MAD","/Date(1767135600000+0100)/",""
"278315","08/12/2025 18:19","","Larache","","0","0","39 MAD","/Date(1767135600000+0100)/",""
"256184","08/12/2025 17:59","","Larache","","0","0","16 MAD","/Date(1767135600000+0100)/",""
"482106","08/12/2025 17:34","8712","Mahatta - RELAIS AL BAID","","0","64.98","717.38 MAD","/Date(1767135600000+0100)/",""
"256184","08/12/2025 16:30","","Mly Bousselham","","0","0","16 MAD","/Date(1767135600000+0100)/",""
"482106","08/12/2025 14:04","2877","Mahatta - RELAIS AL BAID","","0","45.29","500 MAD","/Date(1767135600000+0100)/",""
"278315","08/12/2025 10:54","","Kénitra Nord","","0","0","39 MAD","/Date(1767135600000+0100)/",""
"256184","07/12/2025 17:53","","Larache","","0","0","16 MAD","/Date(1767135600000+0100)/",""
"482107","07/12/2025 17:10","300","Total AL BOUSTANE","","0","40","441.6 MAD","/Date(1767135600000+0100)/",""
"256184","07/12/2025 16:32","","Mly Bousselham","","0","0","16 MAD","/Date(1767135600000+0100)/",""
"278315","07/12/2025 01:52","","Kénitra Centre","","0","0","13 MAD","/Date(1767135600000+0100)/",""
"468564","06/12/2025 20:17","","Berrechid Centre ","","0","0","164 MAD","/Date(1767135600000+0100)/",""
"256184","06/12/2025 18:25","","Larache","","0","0","16 MAD","/Date(1767135600000+0100)/",""
"420178","06/12/2025 18:03","3351","Mahatta - CHICHAOUA","","0","21.28","250 MAD","/Date(1767135600000+0100)/",""
"256184","06/12/2025 14:36","","Mly Bousselham","","0","0","16 MAD","/Date(1767135600000+0100)/",""
"278315","06/12/2025 14:25","","Kénitra Centre","","0","0","13 MAD","/Date(1767135600000+0100)/",""
"476452","06/12/2025 14:04","2539","Total AVENIR","","307301","47.41","520.09 MAD","/Date(1767135600000+0100)/",""
"482107","06/12/2025 11:00","277","Total AL BOUSTANE","","0","40","441.6 MAD","/Date(1767135600000+0100)/",""
"482107","06/12/2025 10:56","276","Total AL BOUSTANE","","0","20","220.8 MAD","/Date(1767135600000+0100)/",""
"482107","06/12/2025 10:55","275","Total AL BOUSTANE","","0","20","220.8 MAD","/Date(1767135600000+0100)/",""
"468565","06/12/2025 10:42","","Larache","","0","0","11 MAD","/Date(1767135600000+0100)/",""
"482107","06/12/2025 10:12","274","Total AL BOUSTANE","","0","45.75","505.08 MAD","/Date(1767135600000+0100)/",""
"256184","05/12/2025 18:33","","Larache","","0","0","16 MAD","/Date(1767135600000+0100)/",""
"482107","05/12/2025 18:31","53","Total RELAIS LARACHE","","0","46.2","510 MAD","/Date(1767135600000+0100)/",""
"502815","05/12/2025 16:46","","Kénitra Centre","","0","0","13 MAD","/Date(1767135600000+0100)/",""
"278315","05/12/2025 16:39","","Larache","","0","0","39 MAD","/Date(1767135600000+0100)/",""
"502815","05/12/2025 16:37","","Larache","","0","0","39 MAD","/Date(1767135600000+0100)/",""
"256184","05/12/2025 16:29","","Mly Bousselham","","0","0","16 MAD","/Date(1767135600000+0100)/",""
"502815","05/12/2025 15:39","267","Total AL BOUSTANE","","0","64.77","715.06 MAD","/Date(1767135600000+0100)/",""
"468564","05/12/2025 12:59",""," Amsekroud","","0","0","164 MAD","/Date(1767135600000+0100)/",""
"502815","05/12/2025 10:48","","Kénitra Nord","","0","0","39 MAD","/Date(1767135600000+0100)/",""
"278315","05/12/2025 10:41","","Kénitra Nord","","0","0","39 MAD","/Date(1767135600000+0100)/",""
"502815","05/12/2025 09:47","","Kénitra Centre","","0","0","13 MAD","/Date(1767135600000+0100)/",""
"278315","04/12/2025 18:35","","Larache","","0","0","39 MAD","/Date(1767135600000+0100)/",""
"256184","04/12/2025 18:32","","Larache","","0","0","16 MAD","/Date(1767135600000+0100)/",""
"468565","04/12/2025 16:29","","Mly Bousselham","","0","0","11 MAD","/Date(1767135600000+0100)/",""
"256184","04/12/2025 16:07","","Mly Bousselham","","0","0","16 MAD","/Date(1767135600000+0100)/",""
"468565","04/12/2025 14:50","","Larache","","0","0","11 MAD","/Date(1767135600000+0100)/",""
"420178","04/12/2025 14:22","3207","TOTAL 11 JANVIER","","0","21.46","250 MAD","/Date(1767135600000+0100)/",""
"482107","04/12/2025 13:07","255","Total AL BOUSTANE","","0","52.54","580.04 MAD","/Date(1767135600000+0100)/",""
"278315","04/12/2025 10:55","","Kénitra Nord","","0","0","39 MAD","/Date(1767135600000+0100)/",""
"256184","03/12/2025 19:08","","Larache","","0","0","16 MAD","/Date(1767135600000+0100)/",""
"278315","03/12/2025 18:07","","Larache","","0","0","39 MAD","/Date(1767135600000+0100)/",""
"502815","03/12/2025 17:37","","Kénitra Centre","","0","0","13 MAD","/Date(1767135600000+0100)/",""
"502815","03/12/2025 17:28","","Mly Bousselham","","0","0","28 MAD","/Date(1767135600000+0100)/",""
"256184","03/12/2025 16:43","","Mly Bousselham","","0","0","16 MAD","/Date(1767135600000+0100)/",""
"502815","03/12/2025 10:24","","Kénitra Nord","","0","0","39 MAD","/Date(1767135600000+0100)/",""
"278315","03/12/2025 10:22","","Kénitra Nord","","0","0","39 MAD","/Date(1767135600000+0100)/",""
"502815","03/12/2025 09:23","","Kénitra Centre","","0","0","13 MAD","/Date(1767135600000+0100)/",""
"278315","02/12/2025 18:49","","Larache","","0","0","39 MAD","/Date(1767135600000+0100)/",""
"256184","02/12/2025 18:40","","Larache","","0","0","16 MAD","/Date(1767135600000+0100)/",""
"476452","02/12/2025 17:43","223","Total AL BOUSTANE","","306366","43.21","477.04 MAD","/Date(1767135600000+0100)/",""
"502815","02/12/2025 17:42","","Kénitra Centre","","0","0","13 MAD","/Date(1767135600000+0100)/",""
"256184","02/12/2025 16:22","","Mly Bousselham","","0","0","16 MAD","/Date(1767135600000+0100)/",""
"468565","02/12/2025 15:33","","Mly Bousselham","","0","0","11 MAD","/Date(1767135600000+0100)/",""
"468565","02/12/2025 15:05","","Larache","","0","0","11 MAD","/Date(1767135600000+0100)/",""
"482107","02/12/2025 14:33","222","Total AL BOUSTANE","","0","47.11","520.09 MAD","/Date(1767135600000+0100)/",""
"502815","02/12/2025 12:56","","Kénitra Centre","","0","0","13 MAD","/Date(1767135600000+0100)/",""
"482107","02/12/2025 10:14","219","Total AL BOUSTANE","","0","47.11","520.09 MAD","/Date(1767135600000+0100)/",""
"278315","02/12/2025 09:51","","Kénitra Nord","","0","0","39 MAD","/Date(1767135600000+0100)/",""
"278315","01/12/2025 19:11","","Larache","","0","0","39 MAD","/Date(1767135600000+0100)/",""
"256184","01/12/2025 18:52","","Larache","","0","0","16 MAD","/Date(1767135600000+0100)/",""
"256184","01/12/2025 15:30","","Mly Bousselham","","0","0","16 MAD","/Date(1767135600000+0100)/",""
"502815","01/12/2025 11:37","","Kénitra Centre","","0","0","13 MAD","/Date(1767135600000+0100)/",""
"502815","01/12/2025 10:04","","Méknès Ouest","","0","0","34 MAD","/Date(1767135600000+0100)/",""
"278315","01/12/2025 10:02","","Kénitra Nord","","0","0","39 MAD","/Date(1767135600000+0100)/",""
"256184","30/11/2025 18:57","","Larache","","0","0","16 MAD","/Date(1767135600000+0100)/",""
"256184","30/11/2025 15:29","","Mly Bousselham","","0","0","16 MAD","/Date(1767135600000+0100)/",""
"482107","30/11/2025 12:57","200","Total AL BOUSTANE","","0","40","441.6 MAD","/Date(1764457200000+0100)/",""
"278315","29/11/2025 19:15","","Larache","","0","0","39 MAD","/Date(1767135600000+0100)/",""
"256184","29/11/2025 19:08","","Larache","","0","0","16 MAD","/Date(1767135600000+0100)/",""
"476452","29/11/2025 17:41","197","Total AL BOUSTANE","","305820","49.82","550.01 MAD","/Date(1764457200000+0100)/",""
"482106","29/11/2025 14:25","1521","Mahatta - RELAIS AL BAID","","0","52.99","585.01 MAD","/Date(1764457200000+0100)/",""
"502815","29/11/2025 13:35","","KENITRA CENTRE","","0","0","38 MAD","/Date(1767135600000+0100)/",""
"278315","29/11/2025 12:12","","Kénitra Nord","","0","0","39 MAD","/Date(1767135600000+0100)/",""
"256184","28/11/2025 19:00","","Larache","","0","0","16 MAD","/Date(1767135600000+0100)/",""
"278315","28/11/2025 18:12","","Larache","","0","0","39 MAD","/Date(1767135600000+0100)/",""
"502815","28/11/2025 17:11","","Larache","","0","0","27 MAD","/Date(1767135600000+0100)/",""
"256184","28/11/2025 15:48","","Mly Bousselham","","0","0","16 MAD","/Date(1767135600000+0100)/",""
"482107","28/11/2025 11:20","176","Total AL BOUSTANE","","0","40","441.6 MAD","/Date(1764457200000+0100)/",""
"482107","28/11/2025 11:19","175","Total AL BOUSTANE","","0","47.56","525.06 MAD","/Date(1764457200000+0100)/",""
"278315","28/11/2025 11:16","","Kénitra Nord","","0","0","39 MAD","/Date(1767135600000+0100)/",""
"502815","28/11/2025 10:02","","KENITRA CENTRE","","0","0","38 MAD","/Date(1767135600000+0100)/",""
"256184","27/11/2025 18:09","","Larache","","0","0","16 MAD","/Date(1767135600000+0100)/",""
"278315","27/11/2025 17:35","","Larache","","0","0","39 MAD","/Date(1767135600000+0100)/",""
"256184","27/11/2025 14:37","","Mly Bousselham","","0","0","16 MAD","/Date(1767135600000+0100)/",""
"468565","27/11/2025 13:04","","Mly Bousselham","","0","0","11 MAD","/Date(1767135600000+0100)/",""
"278315","27/11/2025 12:32","","Kénitra Nord","","0","0","39 MAD","/Date(1767135600000+0100)/",""
"420178","27/11/2025 12:25","2832","TOTAL 11 JANVIER","","0","24.81","289 MAD","/Date(1764457200000+0100)/",""
"468565","27/11/2025 11:50","","Larache","","0","0","11 MAD","/Date(1767135600000+0100)/",""
"482107","27/11/2025 11:16","155","Total AL BOUSTANE","","0","47.75","527.16 MAD","/Date(1764457200000+0100)/",""
"256184","26/11/2025 18:32","","Larache","","0","0","16 MAD","/Date(1764457200000+0100)/",""
"278315","26/11/2025 18:21","","Larache","","0","0","39 MAD","/Date(1764457200000+0100)/",""
"476452","26/11/2025 17:18","148","Total AL BOUSTANE","","305001","51.63","570 MAD","/Date(1764457200000+0100)/",""
"502815","26/11/2025 17:05","","Larache","","0","0","27 MAD","/Date(1764457200000+0100)/",""
"256184","26/11/2025 14:26","","Mly Bousselham","","0","0","16 MAD","/Date(1764457200000+0100)/",""
"278315","26/11/2025 10:24","","Kénitra Nord","","0","0","39 MAD","/Date(1764457200000+0100)/",""
"502815","26/11/2025 10:03","","Kénitra Nord","","0","0","39 MAD","/Date(1764457200000+0100)/",""
"502815","26/11/2025 09:02","","Kénitra Centre","","0","0","13 MAD","/Date(1764457200000+0100)/",""
"256184","25/11/2025 18:44","","Larache","","0","0","16 MAD","/Date(1764457200000+0100)/",""
"278315","25/11/2025 18:15","","Larache","","0","0","39 MAD","/Date(1764457200000+0100)/",""
"256184","25/11/2025 16:55","","Mly Bousselham","","0","0","16 MAD","/Date(1764457200000+0100)/",""
"256184","25/11/2025 16:10","","Larache","","0","0","16 MAD","/Date(1764457200000+0100)/",""
"468565","25/11/2025 15:24","","Mly Bousselham","","0","0","11 MAD","/Date(1764457200000+0100)/",""
"482107","25/11/2025 14:04","129","Total AL BOUSTANE","","0","43.48","480.02 MAD","/Date(1764457200000+0100)/",""
"468565","25/11/2025 13:52","","Larache","","0","0","11 MAD","/Date(1764457200000+0100)/",""
"502815","25/11/2025 13:08","","Kénitra Centre","","0","0","13 MAD","/Date(1764457200000+0100)/",""
"502815","25/11/2025 11:14","","Kénitra Centre","","0","0","13 MAD","/Date(1764457200000+0100)/",""
"278315","25/11/2025 11:01","","Kénitra Nord","","0","0","39 MAD","/Date(1764457200000+0100)/",""
"256184","24/11/2025 18:34","","Larache","","0","0","16 MAD","/Date(1764457200000+0100)/",""
"482107","24/11/2025 18:20","121","Total AL BOUSTANE","","0","46.68","515.35 MAD","/Date(1764457200000+0100)/",""
"278315","24/11/2025 17:26","","Larache","","0","0","39 MAD","/Date(1764457200000+0100)/",""
"502815","24/11/2025 16:14","","BOUZNIKA PV ENTREES","","0","0","23 MAD","/Date(1764457200000+0100)/",""
"502815","24/11/2025 15:44","","Tit Méllil","","0","0","10 MAD","/Date(1764457200000+0100)/",""
"502815","24/11/2025 15:25","","Kasbah Tadla","","0","0","66 MAD","/Date(1764457200000+0100)/",""
"256184","24/11/2025 14:28","","Mly Bousselham","","0","0","16 MAD","/Date(1764457200000+0100)/",""
"482107","24/11/2025 12:39","114","Total AL BOUSTANE","","0","1.81","20 MAD","/Date(1764457200000+0100)/",""
"482107","24/11/2025 12:37","113","Total AL BOUSTANE","","0","40","441.6 MAD","/Date(1764457200000+0100)/",""
"482107","24/11/2025 12:33","112","Total AL BOUSTANE","","0","19.8","218.59 MAD","/Date(1764457200000+0100)/",""
"482107","24/11/2025 12:32","111","Total AL BOUSTANE","","0","1.81","20 MAD","/Date(1764457200000+0100)/",""
"482107","24/11/2025 12:31","110","Total AL BOUSTANE","","0","18.2","200.93 MAD","/Date(1764457200000+0100)/",""
"278315","24/11/2025 11:31","","Kénitra Nord","","0","0","39 MAD","/Date(1764457200000+0100)/",""
"502815","24/11/2025 10:57","","Berrechid Centre ","","0","0","66 MAD","/Date(1764457200000+0100)/",""
"502815","24/11/2025 09:14","","Tit Méllil","","0","0","10 MAD","/Date(1764457200000+0100)/",""
"502815","24/11/2025 08:51","","Barrière Principale Bouz","","0","0","23 MAD","/Date(1764457200000+0100)/",""
"256184","23/11/2025 18:23","","Larache","","0","0","16 MAD","/Date(1764457200000+0100)/",""
"256184","23/11/2025 17:16","","Mly Bousselham","","0","0","16 MAD","/Date(1764457200000+0100)/",""
"502815","23/11/2025 16:36","","Kénitra Centre","","0","0","13 MAD","/Date(1764457200000+0100)/",""
"502815","23/11/2025 16:28","","KENITRA CENTRE","","0","0","66 MAD","/Date(1764457200000+0100)/",""
"256184","23/11/2025 16:25","","Larache","","0","0","16 MAD","/Date(1764457200000+0100)/",""
"256184","23/11/2025 14:44","","Mly Bousselham","","0","0","16 MAD","/Date(1764457200000+0100)/",""
"468565","23/11/2025 14:01","","Kénitra Nord","","0","0","39 MAD","/Date(1764457200000+0100)/",""
"468565","23/11/2025 11:16","","Larache","","0","0","27 MAD","/Date(1764457200000+0100)/",""
"502815","23/11/2025 00:30","","Melloussa BPV ","","0","0","19 MAD","/Date(1764457200000+0100)/",""
"256184","22/11/2025 18:16","","Larache","","0","0","16 MAD","/Date(1764457200000+0100)/",""
"278315","22/11/2025 17:21","","Larache","","0","0","39 MAD","/Date(1764457200000+0100)/",""
"256184","22/11/2025 17:06","","Mly Bousselham","","0","0","16 MAD","/Date(1764457200000+0100)/",""
"256184","22/11/2025 16:21","","Larache","","0","0","16 MAD","/Date(1764457200000+0100)/",""
"476452","22/11/2025 16:14","96","Total AL BOUSTANE","","304155","40.77","450.1 MAD","/Date(1764457200000+0100)/",""
"482107","22/11/2025 14:59","95","Total AL BOUSTANE","","0","45.31","500.22 MAD","/Date(1764457200000+0100)/",""
"502815","22/11/2025 14:48","","AIN DALIA","","0","0","19 MAD","/Date(1764457200000+0100)/",""
"256184","22/11/2025 14:17","","Mly Bousselham","","0","0","16 MAD","/Date(1764457200000+0100)/",""
"482107","22/11/2025 13:03","91","Total AL BOUSTANE","","0","40","441.6 MAD","/Date(1764457200000+0100)/",""
"278315","22/11/2025 12:24","","Kénitra Nord","","0","0","39 MAD","/Date(1764457200000+0100)/",""
"278315","21/11/2025 19:37","","Larache","","0","0","39 MAD","/Date(1764457200000+0100)/",""
"482107","21/11/2025 19:28","118","Total RELAIS LARACHE","","0","49.82","550 MAD","/Date(1764457200000+0100)/",""
"256184","21/11/2025 18:57","","Larache","","0","0","16 MAD","/Date(1764457200000+0100)/",""
"256184","21/11/2025 17:10","","Mly Bousselham","","0","0","16 MAD","/Date(1764457200000+0100)/",""
"256184","21/11/2025 16:19","","Larache","","0","0","16 MAD","/Date(1764457200000+0100)/",""
"256184","21/11/2025 14:49","","Mly Bousselham","","0","0","16 MAD","/Date(1764457200000+0100)/",""
"278315","21/11/2025 13:00","","Kénitra Nord","","0","0","39 MAD","/Date(1764457200000+0100)/",""
"278315","20/11/2025 19:40","","Larache","","0","0","39 MAD","/Date(1764457200000+0100)/",""
"256184","20/11/2025 18:49","","Larache","","0","0","16 MAD","/Date(1764457200000+0100)/",""
"476452","20/11/2025 18:34","70","Total AL BOUSTANE","","303607","49.82","550.01 MAD","/Date(1764457200000+0100)/",""
"502815","20/11/2025 16:41","","Larache","","0","0","27 MAD","/Date(1764457200000+0100)/",""
"468565","20/11/2025 16:01","","Kénitra Nord","","0","0","39 MAD","/Date(1764457200000+0100)/",""
"468565","20/11/2025 13:47","","Kénitra Centre","","0","0","13 MAD","/Date(1764457200000+0100)/",""
"468565","20/11/2025 13:23","","Sala-Al Jadida","","0","0","12 MAD","/Date(1764457200000+0100)/",""
"468565","20/11/2025 12:48","","BOUZNIKA PV ENTREES","","0","0","23 MAD","/Date(1764457200000+0100)/",""
"468565","20/11/2025 12:21","","Tit Méllil","","0","0","10 MAD","/Date(1764457200000+0100)/",""
"278315","20/11/2025 12:16","","Kénitra Nord","","0","0","39 MAD","/Date(1764457200000+0100)/",""
"468565","20/11/2025 11:21","","Tit Méllil","","0","0","10 MAD","/Date(1764457200000+0100)/",""
"468565","20/11/2025 10:58","","Barrière Principale Bouz","","0","0","23 MAD","/Date(1764457200000+0100)/",""
"502815","20/11/2025 10:46","","Larache","","0","0","11 MAD","/Date(1764457200000+0100)/",""
"468565","20/11/2025 10:28","","Sala-Al Jadida","","0","0","12 MAD","/Date(1764457200000+0100)/",""
"468565","20/11/2025 10:07","","Kénitra Centre","","0","0","13 MAD","/Date(1764457200000+0100)/",""
"482107","20/11/2025 09:55","2627","ST LA CIGOGNE","","0","43.76","480 MAD","/Date(1764457200000+0100)/",""
"468565","20/11/2025 09:47","","Larache","","0","0","39 MAD","/Date(1764457200000+0100)/",""
"502815","20/11/2025 09:39","","KENITRA CENTRE","","0","0","27 MAD","/Date(1764457200000+0100)/",""
"468565","20/11/2025 08:46","","DEMI TOUR NON AUTORI","","0","0","49 MAD","/Date(1764457200000+0100)/",""
"256184","19/11/2025 19:13","","Larache","","0","0","16 MAD","/Date(1764457200000+0100)/",""
"278315","19/11/2025 17:18","","Larache","","0","0","39 MAD","/Date(1764457200000+0100)/",""
"482107","19/11/2025 14:58","47","Total AL BOUSTANE","","0","49.82","550.01 MAD","/Date(1764457200000+0100)/",""
"278315","19/11/2025 09:55","","Kénitra Nord","","0","0","39 MAD","/Date(1764457200000+0100)/",""
"256184","18/11/2025 18:48","","Larache","","0","0","16 MAD","/Date(1764457200000+0100)/",""
"278315","18/11/2025 18:29","","Larache","","0","0","39 MAD","/Date(1764457200000+0100)/",""
"502815","18/11/2025 17:09","","Larache","","0","0","27 MAD","/Date(1764457200000+0100)/",""
"256184","18/11/2025 16:27","","Mly Bousselham","","0","0","16 MAD","/Date(1764457200000+0100)/",""
"256184","18/11/2025 15:24","","Larache","","0","0","16 MAD","/Date(1764457200000+0100)/",""
"482107","18/11/2025 14:53","35","Total AL BOUSTANE","","0","40","441.6 MAD","/Date(1764457200000+0100)/",""
"256184","18/11/2025 12:40","","Mly Bousselham","","0","0","16 MAD","/Date(1764457200000+0100)/",""
"482107","18/11/2025 11:31","32","Total AL BOUSTANE","","0","40","441.6 MAD","/Date(1764457200000+0100)/",""
"482107","18/11/2025 10:30","29","Total AL BOUSTANE","","0","40","441.6 MAD","/Date(1764457200000+0100)/",""
"502815","18/11/2025 10:24","","KENITRA CENTRE","","0","0","27 MAD","/Date(1764457200000+0100)/",""
"502815","18/11/2025 10:11","7512","MAHATTA Relais Atlantis","","0","19.21","214 MAD","/Date(1764457200000+0100)/",""
"278315","18/11/2025 10:03","","Kénitra Nord","","0","0","39 MAD","/Date(1764457200000+0100)/",""
"256184","17/11/2025 19:06","","Larache","","0","0","16 MAD","/Date(1764457200000+0100)/",""
"278315","17/11/2025 18:31","","Larache","","0","0","39 MAD","/Date(1764457200000+0100)/",""
"476452","17/11/2025 17:27","25","Total AL BOUSTANE","","302781","57.97","640 MAD","/Date(1764457200000+0100)/",""
"256184","17/11/2025 16:49","","Mly Bousselham","","0","0","16 MAD","/Date(1764457200000+0100)/",""
"256184","17/11/2025 15:53","","Larache","","0","0","16 MAD","/Date(1764457200000+0100)/",""
"468565","17/11/2025 15:03","","Larache","","0","0","11 MAD","/Date(1764457200000+0100)/",""
"482107","17/11/2025 14:20","22","Total AL BOUSTANE","","0","49.82","550 MAD","/Date(1764457200000+0100)/",""
"502815","17/11/2025 12:14","","Kénitra Nord","","0","0","66 MAD","/Date(1764457200000+0100)/",""
"502815","17/11/2025 10:35","","Kénitra Centre","","0","0","13 MAD","/Date(1764457200000+0100)/",""
"278315","17/11/2025 10:18","","Kénitra Nord","","0","0","39 MAD","/Date(1764457200000+0100)/",""
"482107","17/11/2025 09:06","13","Total AL BOUSTANE","","0","47.1","520 MAD","/Date(1764457200000+0100)/",""
"482106","17/11/2025 07:42","7269","TOTAL VILLE VERTE","","0","54.6","600 MAD","/Date(1764457200000+0100)/",""
"256184","16/11/2025 19:14","","Larache","","0","0","16 MAD","/Date(1764457200000+0100)/",""
"502815","16/11/2025 19:02","","BOUZNIKA PV ENTREES","","0","0","23 MAD","/Date(1764457200000+0100)/",""
"502815","16/11/2025 18:40","","Tit Méllil","","0","0","10 MAD","/Date(1764457200000+0100)/",""
"502815","16/11/2025 18:21",""," Amsekroud","","0","0","164 MAD","/Date(1764457200000+0100)/",""
"256184","16/11/2025 16:16","","Mly Bousselham","","0","0","16 MAD","/Date(1764457200000+0100)/",""
"256184","16/11/2025 15:11","","Larache","","0","0","16 MAD","/Date(1764457200000+0100)/",""
"502815","16/11/2025 13:33","456","Total DRARGA","","0","69.71","750.08 MAD","/Date(1764457200000+0100)/",""
"256184","16/11/2025 12:10","","Mly Bousselham","","0","0","16 MAD","/Date(1764457200000+0100)/",""
"420178","15/11/2025 20:40","370","Total SIDI BIBI","","0","26.11","300 MAD","/Date(1764457200000+0100)/",""
"278315","15/11/2025 20:06","","Larache","","0","0","39 MAD","/Date(1764457200000+0100)/",""
"256184","15/11/2025 19:03","","Larache","","0","0","16 MAD","/Date(1764457200000+0100)/",""
"256184","15/11/2025 16:37","","Mly Bousselham","","0","0","16 MAD","/Date(1764457200000+0100)/",""
"256184","15/11/2025 15:21","","Larache","","0","0","16 MAD","/Date(1764457200000+0100)/",""
"278315","15/11/2025 12:27","","Kénitra Nord","","0","0","39 MAD","/Date(1764457200000+0100)/",""
"476452","14/11/2025 20:17","1956","Total AVENIR","","302338","46.82","500.04 MAD","/Date(1764457200000+0100)/",""
"278315","14/11/2025 19:54","","Larache","","0","0","39 MAD","/Date(1764457200000+0100)/",""
"468565","14/11/2025 19:36","","Kénitra Nord","","0","0","39 MAD","/Date(1764457200000+0100)/",""
"256184","14/11/2025 19:05","","Larache","","0","0","16 MAD","/Date(1764457200000+0100)/",""
"468565","14/11/2025 18:29","","Kénitra Centre","","0","0","13 MAD","/Date(1764457200000+0100)/",""
"468565","14/11/2025 17:41","","Kénitra Centre","","0","0","13 MAD","/Date(1764457200000+0100)/",""
"468565","14/11/2025 17:31","","DEMI TOUR NON AUTORI","","0","0","87 MAD","/Date(1764457200000+0100)/",""
"482106","14/11/2025 17:16","7134","TOTAL VILLE VERTE","","0","70.16","750 MAD","/Date(1764457200000+0100)/",""
"256184","14/11/2025 16:55","","Mly Bousselham","","0","0","16 MAD","/Date(1764457200000+0100)/",""
"256184","14/11/2025 15:57","","Larache","","0","0","16 MAD","/Date(1764457200000+0100)/",""
"256184","14/11/2025 12:46","","Mly Bousselham","","0","0","16 MAD","/Date(1764457200000+0100)/",""
"468565","14/11/2025 10:55","","Larache","","0","0","11 MAD","/Date(1764457200000+0100)/",""
"278315","14/11/2025 09:48","","Kénitra Nord","","0","0","39 MAD","/Date(1764457200000+0100)/",""
"278315","13/11/2025 19:38","","Larache","","0","0","39 MAD","/Date(1764457200000+0100)/",""
"256184","13/11/2025 18:53","","Larache","","0","0","16 MAD","/Date(1764457200000+0100)/",""
"468565","13/11/2025 17:05","","Mly Bousselham","","0","0","11 MAD","/Date(1764457200000+0100)/",""
"256184","13/11/2025 16:17","","Mly Bousselham","","0","0","16 MAD","/Date(1764457200000+0100)/",""
"256184","13/11/2025 15:25","","Larache","","0","0","16 MAD","/Date(1764457200000+0100)/",""
"468565","13/11/2025 13:21","","Larache","","0","0","11 MAD","/Date(1764457200000+0100)/",""
"256184","13/11/2025 12:21","","Mly Bousselham","","0","0","16 MAD","/Date(1764457200000+0100)/",""
"278315","13/11/2025 10:00","","Kénitra Nord","","0","0","39 MAD","/Date(1764457200000+0100)/",""
"482107","13/11/2025 09:20","2689","Total ROSALES","","0","50.09","565 MAD","/Date(1764457200000+0100)/",""
"482107","13/11/2025 09:16","2688","Total ROSALES","","0","48.76","550 MAD","/Date(1764457200000+0100)/",""
"278315","12/11/2025 19:30","","Larache","","0","0","39 MAD","/Date(1764457200000+0100)/",""
"256184","12/11/2025 18:52","","Larache","","0","0","16 MAD","/Date(1764457200000+0100)/",""
"256184","12/11/2025 16:26","","Mly Bousselham","","0","0","16 MAD","/Date(1764457200000+0100)/",""
"256184","12/11/2025 15:39","","Larache","","0","0","16 MAD","/Date(1764457200000+0100)/",""
"468565","12/11/2025 15:19","","Mly Bousselham","","0","0","11 MAD","/Date(1764457200000+0100)/",""
"468565","12/11/2025 13:26","","Larache","","0","0","11 MAD","/Date(1764457200000+0100)/",""
"278315","12/11/2025 10:28","","Kénitra Nord","","0","0","39 MAD","/Date(1764457200000+0100)/",""
"256184","12/11/2025 09:41","","Mly Bousselham","","0","0","16 MAD","/Date(1764457200000+0100)/",""
"468564","12/11/2025 09:00","2655","Total ROSALES","","0","37.94","428 MAD","/Date(1764457200000+0100)/",""
"482107","12/11/2025 08:53","2653","Total ROSALES","","0","46.1","520 MAD","/Date(1764457200000+0100)/",""
"468565","11/11/2025 20:45","","Mly Bousselham","","0","0","11 MAD","/Date(1764457200000+0100)/",""
"256184","11/11/2025 19:11","","Larache","","0","0","16 MAD","/Date(1764457200000+0100)/",""
"278315","11/11/2025 19:04","","Larache","","0","0","39 MAD","/Date(1764457200000+0100)/",""
"468565","11/11/2025 18:17","","Larache","","0","0","11 MAD","/Date(1764457200000+0100)/",""
"256184","11/11/2025 17:27","","Mly Bousselham","","0","0","16 MAD","/Date(1764457200000+0100)/",""
"476452","11/11/2025 17:00","733","Total AL BOUSTANE","","301405","57.51","620 MAD","/Date(1764457200000+0100)/",""
"256184","11/11/2025 16:27","","Larache","","0","0","16 MAD","/Date(1764457200000+0100)/",""
"482107","11/11/2025 13:45","728","Total AL BOUSTANE","","0","40","431.2 MAD","/Date(1764457200000+0100)/",""
"468565","11/11/2025 13:32","","Kénitra Nord","","0","0","39 MAD","/Date(1764457200000+0100)/",""
"256184","11/11/2025 12:54","","Mly Bousselham","","0","0","16 MAD","/Date(1764457200000+0100)/",""
"468565","11/11/2025 12:24","","Kénitra Centre","","0","0","13 MAD","/Date(1764457200000+0100)/",""
"502815","11/11/2025 11:45","","Amsekroud Entrée","","0","0","4 MAD","/Date(1764457200000+0100)/",""
"278315","11/11/2025 09:26","","Kénitra Nord","","0","0","39 MAD","/Date(1764457200000+0100)/",""
"468565","11/11/2025 09:23","","Kénitra Centre","","0","0","13 MAD","/Date(1764457200000+0100)/",""
"468565","11/11/2025 09:12","","Larache","","0","0","39 MAD","/Date(1764457200000+0100)/",""
"502815","11/11/2025 08:29","","Amsekroud Sortie ","","0","0","4 MAD","/Date(1764457200000+0100)/",""
"256184","10/11/2025 19:18","","Larache","","0","0","16 MAD","/Date(1764457200000+0100)/",""
"278315","10/11/2025 17:43","","Larache","","0","0","39 MAD","/Date(1764457200000+0100)/",""
"468564","10/11/2025 17:29","717","Total AL BOUSTANE","","0","47.31","510 MAD","/Date(1764457200000+0100)/",""
"256184","10/11/2025 15:46","","Mly Bousselham","","0","0","16 MAD","/Date(1764457200000+0100)/",""
"278315","10/11/2025 09:33","","Kénitra Nord","","0","0","39 MAD","/Date(1764457200000+0100)/",""
"477036","10/11/2025 09:18","6799","TOTAL VILLE VERTE","","0","18.71","200 MAD","/Date(1764457200000+0100)/",""
"256184","09/11/2025 19:01","","Larache","","0","0","16 MAD","/Date(1764457200000+0100)/",""
"502815","09/11/2025 18:35","1177","Total ANZA VILLE","","0","55.1","600 MAD","/Date(1764457200000+0100)/",""
"256184","09/11/2025 16:18","","Mly Bousselham","","0","0","16 MAD","/Date(1764457200000+0100)/",""
"468564","09/11/2025 08:02","701","Total AL BOUSTANE","","0","48.24","520 MAD","/Date(1764457200000+0100)/",""
"468564","08/11/2025 20:50","","Berrechid Centre ","","0","0","164 MAD","/Date(1764457200000+0100)/",""
"256184","08/11/2025 19:23","","Larache","","0","0","16 MAD","/Date(1764457200000+0100)/",""
"278315","08/11/2025 17:55","","Larache","","0","0","39 MAD","/Date(1764457200000+0100)/",""
"502815","08/11/2025 17:18","","Berrechid Centre ","","0","0","164 MAD","/Date(1764457200000+0100)/",""
"420178","08/11/2025 16:30","8061","Mahatta - Relais CHAOUIA","","0","26.41","300 MAD","/Date(1764457200000+0100)/",""
"477036","08/11/2025 15:49","8056","Mahatta - Relais CHAOUIA","","0","52.74","712 MAD","/Date(1764457200000+0100)/",""
"256184","08/11/2025 15:47","","Mly Bousselham","","0","0","16 MAD","/Date(1764457200000+0100)/",""
"502815","08/11/2025 12:35","","Tit Méllil","","0","0","10 MAD","/Date(1764457200000+0100)/",""
"502815","08/11/2025 12:14","","Barrière Principale Bouz","","0","0","23 MAD","/Date(1764457200000+0100)/",""
"482106","08/11/2025 10:41","6693","TOTAL VILLE VERTE","","0","9.35","100 MAD","/Date(1764457200000+0100)/",""
"482106","08/11/2025 10:40","6692","TOTAL VILLE VERTE","","0","44.91","480.09 MAD","/Date(1764457200000+0100)/",""
"278315","08/11/2025 10:33","","Kénitra Nord","","0","0","39 MAD","/Date(1764457200000+0100)/",""
"482106","08/11/2025 09:35","6683","TOTAL VILLE VERTE","","0","83.63","894 MAD","/Date(1764457200000+0100)/",""
"278315","07/11/2025 18:41","","Larache","","0","0","39 MAD","/Date(1764457200000+0100)/",""
"502815","07/11/2025 18:41","1165","Total AGUEDAL","","0","34.41","365.09 MAD","/Date(1764457200000+0100)/",""
"256184","07/11/2025 18:34","","Larache","","0","0","16 MAD","/Date(1764457200000+0100)/",""
"476452","07/11/2025 16:37","685","Total AL BOUSTANE","","300556","55.66","600 MAD","/Date(1764457200000+0100)/",""
"482107","07/11/2025 15:58","683","Total AL BOUSTANE","","0","54.27","585 MAD","/Date(1764457200000+0100)/",""
"468565","07/11/2025 15:41","","Mly Bousselham","","0","0","11 MAD","/Date(1764457200000+0100)/",""
"468564","07/11/2025 14:38",""," Amsekroud","","0","0","164 MAD","/Date(1764457200000+0100)/",""
"502815","07/11/2025 12:52","","Kénitra Centre","","0","0","13 MAD","/Date(1764457200000+0100)/",""
"502815","07/11/2025 12:43","","KENITRA CENTRE","","0","0","66 MAD","/Date(1764457200000+0100)/",""
"468565","07/11/2025 12:16","","Larache","","0","0","11 MAD","/Date(1764457200000+0100)/",""
"278315","07/11/2025 10:13","","Kénitra Nord","","0","0","39 MAD","/Date(1764457200000+0100)/",""
"468564","07/11/2025 07:36","670","Total AL BOUSTANE","","0","47.5","512.05 MAD","/Date(1764457200000+0100)/",""
"468564","07/11/2025 07:27","669","Total AL BOUSTANE","","0","40","431.2 MAD","/Date(1764457200000+0100)/",""
"256184","06/11/2025 19:04","","Larache","","0","0","16 MAD","/Date(1764457200000+0100)/",""
"468565","06/11/2025 15:28","","Mly Bousselham","","0","0","11 MAD","/Date(1764457200000+0100)/",""
"502815","06/11/2025 14:54","","Larache","","0","0","27 MAD","/Date(1764457200000+0100)/",""
"502815","06/11/2025 12:49","665","Total AL BOUSTANE","","0","46.39","500.08 MAD","/Date(1764457200000+0100)/",""
"420178","06/11/2025 12:32","2046","TOTAL 11 JANVIER","","0","38.2","411 MAD","/Date(1764457200000+0100)/",""
"468565","06/11/2025 12:17","","Larache","","0","0","11 MAD","/Date(1764457200000+0100)/",""
"502815","06/11/2025 09:45","","KENITRA CENTRE","","0","0","38 MAD","/Date(1764457200000+0100)/",""
"256184","05/11/2025 18:58","","Larache","","0","0","16 MAD","/Date(1764457200000+0100)/",""
"278315","05/11/2025 18:46","","Larache","","0","0","39 MAD","/Date(1764457200000+0100)/",""
"468565","05/11/2025 16:07","","Mly Bousselham","","0","0","11 MAD","/Date(1764457200000+0100)/",""
"468565","05/11/2025 14:47","","Larache","","0","0","11 MAD","/Date(1764457200000+0100)/",""
"502815","05/11/2025 14:14","","Larache","","0","0","27 MAD","/Date(1764457200000+0100)/",""
"468564","05/11/2025 11:31","657","Total AL BOUSTANE","","0","40","431.2 MAD","/Date(1764457200000+0100)/",""
"278315","05/11/2025 10:25","","Kénitra Nord","","0","0","39 MAD","/Date(1764457200000+0100)/",""
"502815","05/11/2025 10:11","","KENITRA CENTRE","","0","0","27 MAD","/Date(1764457200000+0100)/",""
"468564","05/11/2025 07:52","648","Total AL BOUSTANE","","0","51.02","550 MAD","/Date(1764457200000+0100)/",""
"278315","04/11/2025 18:20","","Larache","","0","0","39 MAD","/Date(1764457200000+0100)/",""
"502815","04/11/2025 17:02","","Larache","","0","0","27 MAD","/Date(1764457200000+0100)/",""
"502815","04/11/2025 14:58","646","Total AL BOUSTANE","","0","52.88","570.05 MAD","/Date(1764457200000+0100)/",""
"468565","04/11/2025 14:11","","Larache","","0","0","11 MAD","/Date(1764457200000+0100)/",""
"502815","04/11/2025 11:02","","Kénitra Nord","","0","0","28 MAD","/Date(1764457200000+0100)/",""
"278315","04/11/2025 09:50","","Kénitra Nord","","0","0","39 MAD","/Date(1764457200000+0100)/",""
"468565","04/11/2025 09:48","","Larache","","0","0","11 MAD","/Date(1764457200000+0100)/",""
"502815","04/11/2025 09:06","","Kénitra Centre","","0","0","13 MAD","/Date(1764457200000+0100)/",""
"256184","03/11/2025 19:59","","Mly Bousselham","","0","0","16 MAD","/Date(1764457200000+0100)/",""
"256184","03/11/2025 18:58","","DEMI TOUR NON AUTORI","","0","0","109 MAD","/Date(1764457200000+0100)/",""
"278315","03/11/2025 18:39","","Larache","","0","0","39 MAD","/Date(1764457200000+0100)/",""
"476452","03/11/2025 16:37","638","Total AL BOUSTANE","","299714","55.66","600.01 MAD","/Date(1764457200000+0100)/",""
"468564","03/11/2025 14:37","637","Total AL BOUSTANE","","0","51.02","550 MAD","/Date(1764457200000+0100)/",""
"278315","03/11/2025 11:11","","Kénitra Nord","","0","0","39 MAD","/Date(1764457200000+0100)/",""
"482106","03/11/2025 10:01","6336","TOTAL VILLE VERTE","","0","70.16","750.01 MAD","/Date(1764457200000+0100)/",""
"476452","02/11/2025 21:18","4668","Total AVENIR","","299559","18.67","200 MAD","/Date(1764457200000+0100)/",""
"278315","02/11/2025 21:04","","Kénitra Centre","","0","0","13 MAD","/Date(1764457200000+0100)/",""
"502815","02/11/2025 20:20","","BOUZNIKA PV ENTREES","","0","0","23 MAD","/Date(1764457200000+0100)/",""
"502815","02/11/2025 19:59","","Tit Méllil","","0","0","10 MAD","/Date(1764457200000+0100)/",""
"256184","02/11/2025 19:55","","Mly Bousselham","","0","0","16 MAD","/Date(1764457200000+0100)/",""
"502815","02/11/2025 19:40","","Boujad","","0","0","61 MAD","/Date(1764457200000+0100)/",""
"256184","02/11/2025 18:56","","DEMI TOUR NON AUTORI","","0","0","109 MAD","/Date(1764457200000+0100)/",""
"278315","02/11/2025 17:11","","Kénitra Centre","","0","0","13 MAD","/Date(1764457200000+0100)/",""
"468565","02/11/2025 13:55","","Mly Bousselham","","0","0","11 MAD","/Date(1764457200000+0100)/",""
"468565","02/11/2025 13:08","","Kénitra Nord","","0","0","28 MAD","/Date(1764457200000+0100)/",""
"502815","02/11/2025 12:42","","Berrechid Centre ","","0","0","61 MAD","/Date(1764457200000+0100)/",""
"502815","02/11/2025 11:05","","Tit Méllil","","0","0","10 MAD","/Date(1764457200000+0100)/",""
"502815","02/11/2025 10:44","","Barrière Principale Bouz","","0","0","23 MAD","/Date(1764457200000+0100)/",""
"468565","02/11/2025 10:29","","Larache","","0","0","27 MAD","/Date(1764457200000+0100)/",""
"420178","01/11/2025 20:02","1001","Total SIDI BIBI","","0","17.41","200 MAD","/Date(1764457200000+0100)/",""
"256184","01/11/2025 19:27","","Mly Bousselham","","0","0","16 MAD","/Date(1764457200000+0100)/",""
"468564","01/11/2025 19:21","627","Total AL BOUSTANE","","0","48.15","519.06 MAD","/Date(1764457200000+0100)/",""
"468565","01/11/2025 18:56","","Mly Bousselham","","0","0","11 MAD","/Date(1764457200000+0100)/",""
"256184","01/11/2025 18:31","","DEMI TOUR NON AUTORI","","0","0","109 MAD","/Date(1764457200000+0100)/",""
"278315","01/11/2025 17:59","","Larache","","0","0","39 MAD","/Date(1764457200000+0100)/",""
"468564","01/11/2025 16:49","626","Total AL BOUSTANE","","0","50.85","548.16 MAD","/Date(1764457200000+0100)/",""
"278315","01/11/2025 13:08","","Kénitra Nord","","0","0","39 MAD","/Date(1764457200000+0100)/",""
"468565","01/11/2025 12:56","","Larache","","0","0","11 MAD","/Date(1764457200000+0100)/",""
"278315","01/11/2025 11:55","","Kénitra Centre","","0","0","13 MAD","/Date(1764457200000+0100)/",""
"468565","31/10/2025 22:31","","LIXUS","","0","0","3 MAD","/Date(1764457200000+0100)/",""
"502815","31/10/2025 19:52","","BOUZNIKA PV ENTREES","","0","0","23 MAD","/Date(1764457200000+0100)/",""
"256184","31/10/2025 19:47","","Mly Bousselham","","0","0","16 MAD","/Date(1764457200000+0100)/",""
"468565","31/10/2025 19:37","","Larache","","0","0","3 MAD","/Date(1764457200000+0100)/",""
"256184","31/10/2025 18:32","","Larache","","0","0","16 MAD","/Date(1764457200000+0100)/",""
"278315","31/10/2025 17:57","","Larache","","0","0","39 MAD","/Date(1764457200000+0100)/",""
"502815","31/10/2025 15:16","","Barrière Principale Bouz","","0","0","23 MAD","/Date(1764457200000+0100)/",""
"468565","31/10/2025 13:23","","Larache","","0","0","11 MAD","/Date(1764457200000+0100)/",""
"502815","31/10/2025 12:36","","Kénitra Centre","","0","0","13 MAD","/Date(1764457200000+0100)/",""
"502815","31/10/2025 12:28","","Mly Bousselham","","0","0","28 MAD","/Date(1764457200000+0100)/",""
"278315","31/10/2025 10:11","","Kénitra Nord","","0","0","39 MAD","/Date(1764457200000+0100)/",""
"502815","31/10/2025 09:24","","KENITRA CENTRE","","0","0","27 MAD","/Date(1764457200000+0100)/",""
"256184","30/10/2025 19:59","","Mly Bousselham","","0","0","16 MAD","/Date(1764457200000+0100)/",""
"256184","30/10/2025 18:55","","DEMI TOUR NON AUTORI","","0","0","109 MAD","/Date(1764457200000+0100)/",""
"278315","30/10/2025 18:49","","Larache","","0","0","39 MAD","/Date(1764457200000+0100)/",""
"468565","30/10/2025 17:12","","Mly Bousselham","","0","0","11 MAD","/Date(1764457200000+0100)/",""
"502815","30/10/2025 15:34","","Larache","","0","0","27 MAD","/Date(1764457200000+0100)/",""
"468565","30/10/2025 15:15","","Larache","","0","0","11 MAD","/Date(1764457200000+0100)/",""
"278315","30/10/2025 10:10","","Kénitra Nord","","0","0","39 MAD","/Date(1764457200000+0100)/",""
"502815","30/10/2025 09:33","","Kénitra Nord","","0","0","28 MAD","/Date(1764457200000+0100)/",""
"502815","30/10/2025 08:48","","Kénitra Centre","","0","0","13 MAD","/Date(1764457200000+0100)/",""
"256184","29/10/2025 20:16","","Mly Bousselham","","0","0","16 MAD","/Date(1764457200000+0100)/",""
"256184","29/10/2025 19:04","","Larache","","0","0","16 MAD","/Date(1764457200000+0100)/",""
"278315","29/10/2025 18:59","","Larache","","0","0","39 MAD","/Date(1764457200000+0100)/",""
"502815","29/10/2025 18:05","","BOUZNIKA PV ENTREES","","0","0","23 MAD","/Date(1764457200000+0100)/",""
"502815","29/10/2025 17:43","","Tit Méllil","","0","0","10 MAD","/Date(1764457200000+0100)/",""
"502815","29/10/2025 17:13","","Khouribga","","0","0","40 MAD","/Date(1764457200000+0100)/",""
"468565","29/10/2025 13:48","","Larache","","0","0","11 MAD","/Date(1764457200000+0100)/",""
"502815","29/10/2025 10:25","","Berrechid Centre ","","0","0","66 MAD","/Date(1764457200000+0100)/",""
"278315","29/10/2025 09:45","","Kénitra Nord","","0","0","39 MAD","/Date(1764457200000+0100)/",""
"502815","29/10/2025 08:37","","Tit Méllil","","0","0","10 MAD","/Date(1764457200000+0100)/",""
"502815","29/10/2025 08:15","","Barrière Principale Bouz","","0","0","23 MAD","/Date(1764457200000+0100)/",""
"256184","28/10/2025 19:50","","Mly Bousselham","","0","0","16 MAD","/Date(1764457200000+0100)/",""
"256184","28/10/2025 18:56","","Larache","","0","0","16 MAD","/Date(1764457200000+0100)/",""
"278315","28/10/2025 18:55","","Larache","","0","0","39 MAD","/Date(1764457200000+0100)/",""
"468565","28/10/2025 15:41","","Mly Bousselham","","0","0","11 MAD","/Date(1764457200000+0100)/",""
"502815","28/10/2025 15:22","","Kénitra Centre","","0","0","13 MAD","/Date(1764457200000+0100)/",""
"502815","28/10/2025 15:14","","Mly Bousselham","","0","0","28 MAD","/Date(1764457200000+0100)/",""
"468565","28/10/2025 13:58","","Larache","","0","0","11 MAD","/Date(1764457200000+0100)/",""
"482107","28/10/2025 13:18","582","Total AL BOUSTANE","","0","50.1","540.08 MAD","/Date(1761865200000+0100)/",""
"482107","28/10/2025 12:24","580","Total AL BOUSTANE","","0","41.75","450.07 MAD","/Date(1761865200000+0100)/",""
"502815","28/10/2025 11:11","","KENITRA CENTRE","","0","0","27 MAD","/Date(1764457200000+0100)/",""
"278315","28/10/2025 09:33","","Kénitra Nord","","0","0","39 MAD","/Date(1764457200000+0100)/",""
"278315","27/10/2025 20:09","","Larache","","0","0","39 MAD","/Date(1764457200000+0100)/",""
"256184","27/10/2025 19:54","","Mly Bousselham","","0","0","16 MAD","/Date(1764457200000+0100)/",""
"256184","27/10/2025 18:50","","Larache","","0","0","16 MAD","/Date(1764457200000+0100)/",""
"502815","27/10/2025 18:08","","Larache","","0","0","27 MAD","/Date(1764457200000+0100)/",""
"476452","27/10/2025 18:05","575","Total AL BOUSTANE","","297873","44.53","480.03 MAD","/Date(1761865200000+0100)/",""
"256184","27/10/2025 17:10","","DEMI TOUR NON AUTORI","","0","0","88 MAD","/Date(1764457200000+0100)/",""
"256184","27/10/2025 15:35","","DEMI TOUR NON AUTORI","","0","0","109 MAD","/Date(1764457200000+0100)/",""
"502815","27/10/2025 13:33","","KENITRA CENTRE","","0","0","27 MAD","/Date(1764457200000+0100)/",""
"502815","27/10/2025 12:02","","M'Nasra","","0","0","51 MAD","/Date(1764457200000+0100)/",""
"482106","27/10/2025 11:55","5881","TOTAL VILLE VERTE","","0","65.49","700.09 MAD","/Date(1761865200000+0100)/",""
"256184","27/10/2025 11:41","","Mly Bousselham","","0","0","16 MAD","/Date(1764457200000+0100)/",""
"256184","27/10/2025 10:11","","Larache","","0","0","16 MAD","/Date(1764457200000+0100)/",""
"278315","27/10/2025 10:07","","Kénitra Nord","","0","0","39 MAD","/Date(1764457200000+0100)/",""
"502815","27/10/2025 08:40","","Kénitra Centre","","0","0","13 MAD","/Date(1764457200000+0100)/",""
"256184","25/10/2025 21:22","","Mly Bousselham","","0","0","11 MAD","/Date(1761865200000+0100)/",""
"256184","25/10/2025 21:21","","Mly Bousselham","","0","0","16 MAD","/Date(1761865200000+0100)/",""
"278315","25/10/2025 20:37","","Mly Bousselham","","0","0","28 MAD","/Date(1761865200000+0100)/",""
"278315","25/10/2025 19:30","","Sidi El Yamani","","0","0","22 MAD","/Date(1761865200000+0100)/",""
"256184","25/10/2025 18:45","","DEMI TOUR NON AUTORI","","0","0","109 MAD","/Date(1761865200000+0100)/",""
"482106","25/10/2025 18:31","5846","TOTAL VILLE VERTE","","0","55.44","592.65 MAD","/Date(1761865200000+0100)/",""
"502815","25/10/2025 16:58","","BOUZNIKA PV ENTREES","","0","0","23 MAD","/Date(1761865200000+0100)/",""
"502815","25/10/2025 16:36","","Tit Méllil","","0","0","10 MAD","/Date(1761865200000+0100)/",""
"502815","25/10/2025 16:17",""," Amsekroud","","0","0","164 MAD","/Date(1761865200000+0100)/",""
"278315","25/10/2025 12:09","","Kénitra Nord","","0","0","87 MAD","/Date(1761865200000+0100)/",""
"420178","25/10/2025 09:09","1559","TOTAL 11 JANVIER","","0","26.34","300 MAD","/Date(1761865200000+0100)/",""
"476452","24/10/2025 20:32","1397","Total AVENIR","","297177","20.55","220.09 MAD","/Date(1761865200000+0100)/",""
"256184","24/10/2025 20:01","","Mly Bousselham","","0","0","16 MAD","/Date(1761865200000+0100)/",""
"468564","24/10/2025 19:04","","Berrechid Centre ","","0","0","164 MAD","/Date(1761865200000+0100)/",""
"256184","24/10/2025 18:45","","Larache","","0","0","16 MAD","/Date(1761865200000+0100)/",""
"278315","24/10/2025 16:32","","Larache","","0","0","39 MAD","/Date(1761865200000+0100)/",""
"278315","24/10/2025 11:34","","Kénitra Nord","","0","0","39 MAD","/Date(1761865200000+0100)/",""
"256184","23/10/2025 20:04","","Mly Bousselham","","0","0","16 MAD","/Date(1761865200000+0100)/",""
"256184","23/10/2025 18:50","","Larache","","0","0","16 MAD","/Date(1761865200000+0100)/",""
"278315","23/10/2025 17:40","","Larache","","0","0","39 MAD","/Date(1761865200000+0100)/",""
"468565","23/10/2025 15:57","","M'Nasra","","0","0","27 MAD","/Date(1761865200000+0100)/",""
"468564","23/10/2025 15:35",""," Amsekroud","","0","0","164 MAD","/Date(1761865200000+0100)/",""
"476452","23/10/2025 15:18","544","Total AL BOUSTANE","","296773","41.75","450.07 MAD","/Date(1761865200000+0100)/",""
"468565","23/10/2025 14:14","","Kénitra Nord","","0","0","13 MAD","/Date(1761865200000+0100)/",""
"468565","23/10/2025 11:18","","Larache","","0","0","39 MAD","/Date(1761865200000+0100)/",""
"278315","23/10/2025 10:12","","Kénitra Nord","","0","0","39 MAD","/Date(1761865200000+0100)/",""
"482107","23/10/2025 09:08","535","Total AL BOUSTANE","","0","25.43","274.14 MAD","/Date(1761865200000+0100)/",""
"502815","22/10/2025 19:46","1457","TOTAL 11 JANVIER","","0","65.8","710 MAD","/Date(1761865200000+0100)/",""
"256184","22/10/2025 19:32","","Mly Bousselham","","0","0","16 MAD","/Date(1761865200000+0100)/",""
"278315","22/10/2025 18:43","","Larache","","0","0","39 MAD","/Date(1761865200000+0100)/",""
"256184","22/10/2025 18:24","","Larache","","0","0","16 MAD","/Date(1761865200000+0100)/",""
"256184","22/10/2025 14:10","","KENITRA CENTRE","","0","0","27 MAD","/Date(1761865200000+0100)/",""
"482107","22/10/2025 12:56","522","Total AL BOUSTANE","","0","40","431.2 MAD","/Date(1761865200000+0100)/",""
"482107","22/10/2025 12:55","521","Total AL BOUSTANE","","0","48.94","527.57 MAD","/Date(1761865200000+0100)/",""
"468565","22/10/2025 12:51","","KENITRA CENTRE","","0","0","39 MAD","/Date(1761865200000+0100)/",""
"256184","22/10/2025 11:17","","Larache","","0","0","27 MAD","/Date(1761865200000+0100)/",""
"468565","22/10/2025 10:40","","Larache","","0","0","39 MAD","/Date(1761865200000+0100)/",""
"278315","22/10/2025 09:43","","Kénitra Nord","","0","0","39 MAD","/Date(1761865200000+0100)/",""
"482107","22/10/2025 09:26","517","Total AL BOUSTANE","","0","54.76","590.31 MAD","/Date(1761865200000+0100)/",""
"502815","21/10/2025 21:08","","Berrechid Centre ","","0","0","164 MAD","/Date(1761865200000+0100)/",""
"477036","21/10/2025 21:04","797","Total RELAIS LARACHE","","0","50.55","550 MAD","/Date(1761865200000+0100)/",""
"278315","21/10/2025 19:31","","Larache","","0","0","39 MAD","/Date(1761865200000+0100)/",""
"502815","21/10/2025 17:11","","Tit Méllil","","0","0","10 MAD","/Date(1761865200000+0100)/",""
"502815","21/10/2025 16:49","","Barrière Principale Bouz","","0","0","23 MAD","/Date(1761865200000+0100)/",""
"256184","21/10/2025 15:28","","Mly Bousselham","","0","0","11 MAD","/Date(1761865200000+0100)/",""
"502815","21/10/2025 15:07","","Kénitra Centre","","0","0","13 MAD","/Date(1761865200000+0100)/",""
"502815","21/10/2025 14:58","","Larache","","0","0","39 MAD","/Date(1761865200000+0100)/",""
"502815","21/10/2025 12:58","510","Total AL BOUSTANE","","0","53.34","575.01 MAD","/Date(1761865200000+0100)/",""
"256184","21/10/2025 12:54","","Larache","","0","0","11 MAD","/Date(1761865200000+0100)/",""
"278315","21/10/2025 11:51","","Kénitra Nord","","0","0","39 MAD","/Date(1761865200000+0100)/",""
"482107","21/10/2025 11:28","507","Total AL BOUSTANE","","0","49.17","530.05 MAD","/Date(1761865200000+0100)/",""
"502815","21/10/2025 09:32","","KENITRA CENTRE","","0","0","27 MAD","/Date(1761865200000+0100)/",""
"256184","20/10/2025 21:17","","Mly Bousselham","","0","0","16 MAD","/Date(1761865200000+0100)/",""
"256184","20/10/2025 19:02","","Larache","","0","0","16 MAD","/Date(1761865200000+0100)/",""
"278315","20/10/2025 16:39","","Larache","","0","0","39 MAD","/Date(1761865200000+0100)/",""
"502815","20/10/2025 15:25","","Larache","","0","0","27 MAD","/Date(1761865200000+0100)/",""
"476452","20/10/2025 14:34","498","Total AL BOUSTANE","","295969","60.3","650.03 MAD","/Date(1761865200000+0100)/",""
"278315","20/10/2025 10:43","","Kénitra Nord","","0","0","39 MAD","/Date(1761865200000+0100)/",""
"502815","20/10/2025 10:05","","Kénitra Nord","","0","0","28 MAD","/Date(1761865200000+0100)/",""
"256184","20/10/2025 10:02","","Mly Bousselham","","0","0","16 MAD","/Date(1761865200000+0100)/",""
"256184","20/10/2025 08:43","","DEMI TOUR NON AUTORI","","0","0","109 MAD","/Date(1761865200000+0100)/",""
"502815","20/10/2025 08:43","","Kénitra Centre","","0","0","13 MAD","/Date(1761865200000+0100)/",""
"256184","19/10/2025 20:41","","Mly Bousselham","","0","0","16 MAD","/Date(1761865200000+0100)/",""
"278315","19/10/2025 19:40","","Larache","","0","0","39 MAD","/Date(1761865200000+0100)/",""
"256184","19/10/2025 18:52","","Larache","","0","0","16 MAD","/Date(1761865200000+0100)/",""
"256184","19/10/2025 17:07","","Mly Bousselham","","0","0","11 MAD","/Date(1761865200000+0100)/",""
"256184","19/10/2025 16:27","","Larache","","0","0","11 MAD","/Date(1761865200000+0100)/",""
"256184","19/10/2025 14:49","","Mly Bousselham","","0","0","11 MAD","/Date(1761865200000+0100)/",""
"256184","19/10/2025 11:51","","Larache","","0","0","11 MAD","/Date(1761865200000+0100)/",""
"256184","19/10/2025 10:51","","Mly Bousselham","","0","0","11 MAD","/Date(1761865200000+0100)/",""
"256184","19/10/2025 10:12","","Larache","","0","0","11 MAD","/Date(1761865200000+0100)/",""
"278315","19/10/2025 09:49","","Kénitra Nord","","0","0","39 MAD","/Date(1761865200000+0100)/",""
"482107","19/10/2025 08:35","476","Total AL BOUSTANE","","0","48.53","523.15 MAD","/Date(1761865200000+0100)/",""
"468565","18/10/2025 19:41","","Mly Bousselham","","0","0","16 MAD","/Date(1761865200000+0100)/",""
"468565","18/10/2025 18:24","","Larache","","0","0","16 MAD","/Date(1761865200000+0100)/",""
"477036","18/10/2025 13:36","3439","Mahatta - RELAIS AL BAID","","0","66.28","900.08 MAD","/Date(1761865200000+0100)/",""
"468565","17/10/2025 19:48","","Mly Bousselham","","0","0","16 MAD","/Date(1761865200000+0100)/",""
"468565","17/10/2025 18:12","","Larache","","0","0","16 MAD","/Date(1761865200000+0100)/",""
"278315","17/10/2025 18:05","","Larache","","0","0","39 MAD","/Date(1761865200000+0100)/",""
"256184","17/10/2025 11:41","","KENITRA CENTRE","","0","0","24 MAD","/Date(1761865200000+0100)/",""
"278315","17/10/2025 10:39","","Kénitra Nord","","0","0","39 MAD","/Date(1761865200000+0100)/",""
"468565","17/10/2025 10:21","","Mly Bousselham","","0","0","16 MAD","/Date(1761865200000+0100)/",""
"256184","17/10/2025 09:19","","Larache","","0","0","27 MAD","/Date(1761865200000+0100)/",""
"468565","17/10/2025 08:43","","Larache","","0","0","16 MAD","/Date(1761865200000+0100)/",""
"482107","17/10/2025 08:27","457","Total AL BOUSTANE","","0","38.04","410.07 MAD","/Date(1761865200000+0100)/",""
"468565","16/10/2025 19:53","","Mly Bousselham","","0","0","16 MAD","/Date(1761865200000+0100)/",""
"278315","16/10/2025 19:31","","Larache","","0","0","39 MAD","/Date(1761865200000+0100)/",""
"468565","16/10/2025 18:40","","Larache","","0","0","16 MAD","/Date(1761865200000+0100)/",""
"476452","16/10/2025 17:29","450","Total AL BOUSTANE","","295130","55.66","600.01 MAD","/Date(1761865200000+0100)/",""
"502815","16/10/2025 14:57","","Kénitra Centre","","0","0","13 MAD","/Date(1761865200000+0100)/",""
"502815","16/10/2025 14:48","","Mly Bousselham","","0","0","28 MAD","/Date(1761865200000+0100)/",""
"482107","16/10/2025 13:29","447","Total AL BOUSTANE","","0","40","431.2 MAD","/Date(1761865200000+0100)/",""
"278315","16/10/2025 09:55","","Kénitra Nord","","0","0","39 MAD","/Date(1761865200000+0100)/",""
"502815","16/10/2025 09:14","","Kénitra Nord","","0","0","39 MAD","/Date(1761865200000+0100)/",""
"477036","16/10/2025 08:14","5996","MAHATTA Relais Atlantis","","0","49.63","540 MAD","/Date(1761865200000+0100)/",""
"502815","16/10/2025 08:13","","Kénitra Centre","","0","0","13 MAD","/Date(1761865200000+0100)/",""
"468565","15/10/2025 20:01","","Mly Bousselham","","0","0","16 MAD","/Date(1761865200000+0100)/",""
"278315","15/10/2025 19:34","","Larache","","0","0","39 MAD","/Date(1761865200000+0100)/",""
"468565","15/10/2025 18:46","","Larache","","0","0","16 MAD","/Date(1761865200000+0100)/",""
"502815","15/10/2025 18:11","5902","Total AGUEDAL","","0","57.41","620.03 MAD","/Date(1761865200000+0100)/",""
"502815","15/10/2025 14:57","2347","STATION MAHATTA TAMESNA","","0","46.5","530.1 MAD","/Date(1761865200000+0100)/",""
"256184","15/10/2025 12:17","418","Total AL BOUSTANE","","0","43.37","471.9 MAD","/Date(1761865200000+0100)/",""
"256184","15/10/2025 10:22","411","Total AL BOUSTANE","","0","40","435.2 MAD","/Date(1761865200000+0100)/",""
"468564","15/10/2025 10:22","410","Total AL BOUSTANE","","0","229.78","2500 MAD","/Date(1761865200000+0100)/",""
"278315","15/10/2025 09:44","","Kénitra Nord","","0","0","39 MAD","/Date(1761865200000+0100)/",""
"468565","14/10/2025 19:32","","Mly Bousselham","","0","0","16 MAD","/Date(1761865200000+0100)/",""
"278315","14/10/2025 19:24","","Larache","","0","0","39 MAD","/Date(1761865200000+0100)/",""
"468565","14/10/2025 18:32","","Larache","","0","0","16 MAD","/Date(1761865200000+0100)/",""
"278315","14/10/2025 13:10","","Mly Bousselham","","0","0","11 MAD","/Date(1761865200000+0100)/",""
"256184","14/10/2025 11:37","392","Total AL BOUSTANE","","0","20","217.6 MAD","/Date(1761865200000+0100)/",""
"256184","14/10/2025 09:49","","Mly Bousselham","","0","0","11 MAD","/Date(1761865200000+0100)/",""
"278315","14/10/2025 09:14","","Kénitra Nord","","0","0","28 MAD","/Date(1761865200000+0100)/",""
"256184","14/10/2025 09:08","","Larache","","0","0","11 MAD","/Date(1761865200000+0100)/",""
"468565","13/10/2025 19:59","","Mly Bousselham","","0","0","16 MAD","/Date(1761865200000+0100)/",""
"468565","13/10/2025 18:29","","Larache","","0","0","16 MAD","/Date(1761865200000+0100)/",""
"278315","13/10/2025 18:01","","Larache","","0","0","39 MAD","/Date(1761865200000+0100)/",""
"476452","13/10/2025 15:54","385","Total AL BOUSTANE","","294280","41.36","450 MAD","/Date(1761865200000+0100)/",""
"256184","13/10/2025 15:19","384","Total AL BOUSTANE","","0","48.85","531.49 MAD","/Date(1761865200000+0100)/",""
"468564","13/10/2025 12:00","382","Total AL BOUSTANE","","0","229.78","2500 MAD","/Date(1761865200000+0100)/",""
"278315","13/10/2025 09:34","","Kénitra Nord","","0","0","39 MAD","/Date(1761865200000+0100)/",""
"468565","12/10/2025 19:41","","Mly Bousselham","","0","0","16 MAD","/Date(1761865200000+0100)/",""
"468565","12/10/2025 18:26","","Larache","","0","0","16 MAD","/Date(1761865200000+0100)/",""
"278315","12/10/2025 16:52","","Larache","","0","0","39 MAD","/Date(1761865200000+0100)/",""
"256184","12/10/2025 14:17","374","Total AL BOUSTANE","","0","48.07","523 MAD","/Date(1761865200000+0100)/",""
"278315","12/10/2025 10:32","","Kénitra Nord","","0","0","39 MAD","/Date(1761865200000+0100)/",""
"256184","12/10/2025 10:15","370","Total AL BOUSTANE","","0","229.78","2500.01 MAD","/Date(1761865200000+0100)/",""
"468565","11/10/2025 19:20","","Mly Bousselham","","0","0","16 MAD","/Date(1761865200000+0100)/",""
"256184","11/10/2025 18:43","","Mly Bousselham","","0","0","11 MAD","/Date(1761865200000+0100)/",""
"468565","11/10/2025 18:11","","Larache","","0","0","16 MAD","/Date(1761865200000+0100)/",""
"256184","11/10/2025 18:00","","Larache","","0","0","11 MAD","/Date(1761865200000+0100)/",""
"256184","11/10/2025 16:26","","Mly Bousselham","","0","0","11 MAD","/Date(1761865200000+0100)/",""
"256184","11/10/2025 15:36","","Larache","","0","0","11 MAD","/Date(1761865200000+0100)/",""
"256184","11/10/2025 09:53","356","Total AL BOUSTANE","","0","229.78","2500 MAD","/Date(1761865200000+0100)/",""
"468565","10/10/2025 19:45","","Mly Bousselham","","0","0","16 MAD","/Date(1761865200000+0100)/",""
"278315","10/10/2025 18:30","","Larache","","0","0","39 MAD","/Date(1761865200000+0100)/",""
"468565","10/10/2025 18:20","","Larache","","0","0","16 MAD","/Date(1761865200000+0100)/",""
"476452","10/10/2025 16:27","352","Total AL BOUSTANE","","293676","47.8","520.06 MAD","/Date(1761865200000+0100)/",""
"256184","10/10/2025 16:21","","M'Nasra","","0","0","14 MAD","/Date(1761865200000+0100)/",""
"278315","10/10/2025 13:23","","Kénitra Nord","","0","0","39 MAD","/Date(1761865200000+0100)/",""
"256184","10/10/2025 13:00","","Larache","","0","0","27 MAD","/Date(1761865200000+0100)/",""
"256184","10/10/2025 12:21","348","Total AL BOUSTANE","","0","40","435.2 MAD","/Date(1761865200000+0100)/",""
"278315","10/10/2025 12:18","","Kénitra Centre","","0","0","13 MAD","/Date(1761865200000+0100)/",""
"468564","10/10/2025 11:45","","Berrechid Centre ","","0","0","164 MAD","/Date(1761865200000+0100)/",""
"256184","10/10/2025 11:03","347","Total AL BOUSTANE","","0","40.45","440.1 MAD","/Date(1761865200000+0100)/",""
"468565","10/10/2025 10:34","","Mly Bousselham","","0","0","16 MAD","/Date(1761865200000+0100)/",""
"502815","10/10/2025 10:00","5509","Total AGUEDAL","","0","27.78","300 MAD","/Date(1761865200000+0100)/",""
"468565","10/10/2025 08:43","","Larache","","0","0","16 MAD","/Date(1761865200000+0100)/",""
"420178","10/10/2025 08:08","5546","Mahatta - Relais CHAOUIA","","0","26.11","300 MAD","/Date(1761865200000+0100)/",""
"468565","09/10/2025 19:41","","Mly Bousselham","","0","0","16 MAD","/Date(1761865200000+0100)/",""
"468565","09/10/2025 18:39","","Larache","","0","0","16 MAD","/Date(1761865200000+0100)/",""
"278315","09/10/2025 18:00","","Larache","","0","0","39 MAD","/Date(1761865200000+0100)/",""
"468564","09/10/2025 13:21",""," Amsekroud","","0","0","164 MAD","/Date(1761865200000+0100)/",""
"256184","09/10/2025 11:34","","Mly Bousselham","","0","0","11 MAD","/Date(1761865200000+0100)/",""
"256184","09/10/2025 11:16","333","Total AL BOUSTANE","","0","229.78","2500 MAD","/Date(1761865200000+0100)/",""
"278315","09/10/2025 10:55","","Kénitra Nord","","0","0","39 MAD","/Date(1761865200000+0100)/",""
"256184","09/10/2025 10:09","","Larache","","0","0","11 MAD","/Date(1761865200000+0100)/",""
"482106","09/10/2025 08:49","4840","TOTAL VILLE VERTE","","0","57.44","625.52 MAD","/Date(1761865200000+0100)/",""
"420178","09/10/2025 08:29","887","TOTAL 11 JANVIER","","0","26.11","300 MAD","/Date(1761865200000+0100)/",""
"278315","08/10/2025 18:40","","Larache","","0","0","39 MAD","/Date(1761865200000+0100)/",""
"256184","08/10/2025 09:10","311","Total AL BOUSTANE","","0","20","217.6 MAD","/Date(1761865200000+0100)/",""
"256184","08/10/2025 07:24","309","Total AL BOUSTANE","","0","229.78","2500 MAD","/Date(1761865200000+0100)/",""
"476452","07/10/2025 15:29","304","Total AL BOUSTANE","","292806","58.83","640.07 MAD","/Date(1761865200000+0100)/",""
"256184","07/10/2025 13:50","302","Total AL BOUSTANE","","0","46.88","510.05 MAD","/Date(1761865200000+0100)/",""
"256184","07/10/2025 12:45","299","Total AL BOUSTANE","","0","46.42","505.05 MAD","/Date(1761865200000+0100)/",""
"256184","05/10/2025 17:31","276","Total AL BOUSTANE","","0","49.19","535.19 MAD","/Date(1761865200000+0100)/",""
"256184","05/10/2025 09:02","271","Total AL BOUSTANE","","0","20","217.6 MAD","/Date(1761865200000+0100)/",""
"482106","05/10/2025 08:01","4552","TOTAL VILLE VERTE","","0","69.89","761.1 MAD","/Date(1761865200000+0100)/",""
"477036","04/10/2025 17:05","3364","ZERHOUNI","","0","54.73","590 MAD","/Date(1761865200000+0100)/",""
"256184","03/10/2025 14:35","260","Total AL BOUSTANE","","0","42.28","460.01 MAD","/Date(1761865200000+0100)/",""
"476452","03/10/2025 14:34","259","Total AL BOUSTANE","","291923","41.36","450 MAD","/Date(1761865200000+0100)/",""
"256184","03/10/2025 14:31","258","Total AL BOUSTANE","","0","229.78","2500 MAD","/Date(1761865200000+0100)/",""
"420178","03/10/2025 14:16","676","TOTAL 11 JANVIER","","0","52.22","600 MAD","/Date(1761865200000+0100)/",""
"256184","21/09/2025 08:57","","Larache","","0","0","11 MAD","/Date(1759183200000+0200)/",""
"278315","20/09/2025 01:20","","Kénitra Centre","","0","0","13 MAD","/Date(1759183200000+0200)/",""
"278315","19/09/2025 18:57","","Kénitra Centre","","0","0","13 MAD","/Date(1759183200000+0200)/",""
"256184","19/09/2025 11:39","","Mly Bousselham","","0","0","11 MAD","/Date(1759183200000+0200)/",""
"256184","19/09/2025 10:18","","Larache","","0","0","11 MAD","/Date(1759183200000+0200)/",""
"278315","18/09/2025 18:39","","Larache","","0","0","39 MAD","/Date(1759183200000+0200)/",""
"278315","18/09/2025 10:58","","Kénitra Nord","","0","0","39 MAD","/Date(1759183200000+0200)/",""
"256184","17/09/2025 20:17","","M'Nasra","","0","0","27 MAD","/Date(1759183200000+0200)/",""
"256184","17/09/2025 17:33","","Larache","","0","0","27 MAD","/Date(1759183200000+0200)/",""
"256184","17/09/2025 13:50","","Mly Bousselham","","0","0","11 MAD","/Date(1759183200000+0200)/",""
"256184","17/09/2025 11:56","","Larache","","0","0","11 MAD","/Date(1759183200000+0200)/",""
"278315","16/09/2025 18:33","","Larache","","0","0","39 MAD","/Date(1759183200000+0200)/",""
"256184","16/09/2025 17:12","","Mly Bousselham","","0","0","11 MAD","/Date(1759183200000+0200)/",""
"256184","16/09/2025 16:13","","Larache","","0","0","11 MAD","/Date(1759183200000+0200)/",""
"502815","16/09/2025 15:50","","Kénitra Centre","","0","0","13 MAD","/Date(1759183200000+0200)/",""
"502815","16/09/2025 15:30","","Mly Bousselham","","0","0","28 MAD","/Date(1759183200000+0200)/",""
"256184","16/09/2025 11:29","","Mly Bousselham","","0","0","11 MAD","/Date(1759183200000+0200)/",""
"278315","16/09/2025 09:37","","Kénitra Nord","","0","0","39 MAD","/Date(1759183200000+0200)/",""
"502815","16/09/2025 09:15","","KENITRA CENTRE","","0","0","27 MAD","/Date(1759183200000+0200)/",""
"278315","15/09/2025 17:16","","Kénitra Centre","","0","0","13 MAD","/Date(1759183200000+0200)/",""
"278315","15/09/2025 17:07","","Larache","","0","0","39 MAD","/Date(1759183200000+0200)/",""
"502815","15/09/2025 16:44","","Larache","","0","0","27 MAD","/Date(1759183200000+0200)/",""
"502815","15/09/2025 13:42","","Kénitra Nord","","0","0","39 MAD","/Date(1759183200000+0200)/",""
"502815","15/09/2025 12:41","","Kénitra Centre","","0","0","13 MAD","/Date(1759183200000+0200)/",""
"278315","15/09/2025 11:55","","Mly Bousselham","","0","0","11 MAD","/Date(1759183200000+0200)/",""
"278315","15/09/2025 10:13","","Kénitra Nord","","0","0","28 MAD","/Date(1759183200000+0200)/",""
"278315","14/09/2025 17:14","","Larache","","0","0","39 MAD","/Date(1759183200000+0200)/",""
"256184","14/09/2025 16:56","","M'Nasra","","0","0","27 MAD","/Date(1759183200000+0200)/",""
"477036","14/09/2025 15:12","3229","TOTAL VILLE VERTE","","0","56.82","618.77 MAD","/Date(1759183200000+0200)/",""
"476452","14/09/2025 15:10","24","Total AL BOUSTANE","","1111","51.47","560 MAD","/Date(1759183200000+0200)/",""
"278315","14/09/2025 12:04","","Kénitra Nord","","0","0","39 MAD","/Date(1759183200000+0200)/",""
"482107","14/09/2025 09:44","18","Total AL BOUSTANE","","0","40","435.2 MAD","/Date(1759183200000+0200)/",""
"482107","14/09/2025 09:43","17","Total AL BOUSTANE","","0","229.78","2500 MAD","/Date(1759183200000+0200)/",""
"482107","14/09/2025 09:26","16","Total AL BOUSTANE","","0","20","217.6 MAD","/Date(1759183200000+0200)/",""
"256184","14/09/2025 09:05","","Larache","","0","0","27 MAD","/Date(1759183200000+0200)/",""
"256184","13/09/2025 16:59","","M'Nasra","","0","0","27 MAD","/Date(1759183200000+0200)/",""
"482107","13/09/2025 16:06","10","Total AL BOUSTANE","","0","36.76","400 MAD","/Date(1759183200000+0200)/",""
"482107","13/09/2025 16:06","9","Total AL BOUSTANE","","0","91.91","1000 MAD","/Date(1759183200000+0200)/",""
"502815","13/09/2025 11:38","","Méknès Ouest","","0","0","34 MAD","/Date(1759183200000+0200)/",""
"256184","13/09/2025 09:23","","Larache","","0","0","27 MAD","/Date(1759183200000+0200)/",""
"482107","13/09/2025 08:47","3","Total AL BOUSTANE","","0","11.58","126 MAD","/Date(1759183200000+0200)/",""
"482107","13/09/2025 08:30","1408","Total ROSALES","","0","48.32","545 MAD","/Date(1759183200000+0200)/",""
"468564","12/09/2025 21:11","","Berrechid Centre ","","0","0","164 MAD","/Date(1759183200000+0200)/",""
"502815","12/09/2025 17:25","","Sidi Allal El Bahraoui","","0","0","34 MAD","/Date(1759183200000+0200)/",""
"256184","12/09/2025 17:17","","M'Nasra","","0","0","27 MAD","/Date(1759183200000+0200)/",""
"420178","12/09/2025 17:07","3330","Mahatta - Relais CHAOUIA","","0","17.41","200 MAD","/Date(1759183200000+0200)/",""
"256184","12/09/2025 15:30","","Larache","","0","0","27 MAD","/Date(1759183200000+0200)/",""
"502815","12/09/2025 14:28","3633","Total AGUEDAL","","0","58.34","630.07 MAD","/Date(1759183200000+0200)/",""
"477036","12/09/2025 12:56","5191","Total AL BASSATIN","","0","66.05","850.06 MAD","/Date(1759183200000+0200)/",""
"482107","12/09/2025 11:33","1385","Total AL BOUSTANE","","0","40","435.2 MAD","/Date(1761865200000+0100)/",""
"482107","12/09/2025 11:27","1384","Total AL BOUSTANE","","0","49.18","535.08 MAD","/Date(1761865200000+0100)/",""
"256184","12/09/2025 11:15","","Mly Bousselham","","0","0","11 MAD","/Date(1759183200000+0200)/",""
"256184","12/09/2025 10:03","","M'Nasra","","0","0","14 MAD","/Date(1759183200000+0200)/",""
"256184","12/09/2025 08:29","","Larache","","0","0","27 MAD","/Date(1759183200000+0200)/",""
"278315","11/09/2025 17:42","","Larache","","0","0","39 MAD","/Date(1759183200000+0200)/",""
"502815","11/09/2025 17:10","3578","Total AGUEDAL","","0","60.19","650 MAD","/Date(1759183200000+0200)/",""
"256184","11/09/2025 16:40","","M'Nasra","","0","0","27 MAD","/Date(1759183200000+0200)/",""
"468564","11/09/2025 13:25",""," Amsekroud","","0","0","164 MAD","/Date(1759183200000+0200)/",""
"482107","11/09/2025 13:03","1380","Total AL BOUSTANE","","0","49.45","538.02 MAD","/Date(1759183200000+0200)/",""
"482107","11/09/2025 11:02","1376","Total AL BOUSTANE","","0","60","652.8 MAD","/Date(1759183200000+0200)/",""
"278315","11/09/2025 10:29","","Kénitra Nord","","0","0","39 MAD","/Date(1759183200000+0200)/",""
"256184","11/09/2025 09:33","","Larache","","0","0","27 MAD","/Date(1759183200000+0200)/",""
"420178","11/09/2025 08:57","7466","TOTAL TILILA","","0","25.66","300 MAD","/Date(1759183200000+0200)/",""
"468564","11/09/2025 07:49","1374","Total AL BOUSTANE","","0","42.88","466.53 MAD","/Date(1759183200000+0200)/",""
"502815","10/09/2025 18:51","","Kénitra Centre","","0","0","13 MAD","/Date(1759183200000+0200)/",""
"502815","10/09/2025 18:43","","Larache","","0","0","39 MAD","/Date(1759183200000+0200)/",""
"278315","10/09/2025 18:33","","Larache","","0","0","39 MAD","/Date(1759183200000+0200)/",""
"468564","10/09/2025 16:09","1365","Total AL BOUSTANE","","0","250.31","2723.37 MAD","/Date(1759183200000+0200)/",""
"278315","10/09/2025 11:00","","Kénitra Nord","","0","0","39 MAD","/Date(1759183200000+0200)/",""
"468564","10/09/2025 10:19","1358","Total AL BOUSTANE","","0","91.91","1000 MAD","/Date(1759183200000+0200)/",""
"502815","10/09/2025 09:25","","KENITRA CENTRE","","0","0","27 MAD","/Date(1759183200000+0200)/",""
"278315","09/09/2025 18:03","","Larache","","0","0","39 MAD","/Date(1759183200000+0200)/",""
"256184","09/09/2025 17:39","","Mly Bousselham","","0","0","11 MAD","/Date(1759183200000+0200)/",""
"256184","09/09/2025 16:43","","M'Nasra","","0","0","14 MAD","/Date(1759183200000+0200)/",""
"502815","09/09/2025 16:15","","Larache","","0","0","27 MAD","/Date(1759183200000+0200)/",""
"476452","09/09/2025 16:03","1353","Total AL BOUSTANE","","111","49.64","540.08 MAD","/Date(1759183200000+0200)/",""
"482107","09/09/2025 15:26","1352","Total AL BOUSTANE","","0","40","435.2 MAD","/Date(1759183200000+0200)/",""
"256184","09/09/2025 15:22","","Larache","","0","0","27 MAD","/Date(1759183200000+0200)/",""
"256184","09/09/2025 13:14","","Kénitra Nord","","0","0","39 MAD","/Date(1759183200000+0200)/",""
"468565","09/09/2025 12:21","","KENITRA CENTRE","","0","0","27 MAD","/Date(1759183200000+0200)/",""
"256184","09/09/2025 12:08","","Kénitra Centre","","0","0","13 MAD","/Date(1759183200000+0200)/",""
"482107","09/09/2025 11:05","1347","Total AL BOUSTANE","","0","20","217.6 MAD","/Date(1759183200000+0200)/",""
"482107","09/09/2025 11:04","1346","Total AL BOUSTANE","","0","38.61","420.08 MAD","/Date(1759183200000+0200)/",""
"468565","09/09/2025 10:52","","Larache","","0","0","27 MAD","/Date(1759183200000+0200)/",""
"468564","09/09/2025 10:23","4","TEMM BOUKNADEL","","0","43.04","482.05 MAD","/Date(1759183200000+0200)/",""
"278315","09/09/2025 10:05","","Kénitra Nord","","0","0","39 MAD","/Date(1759183200000+0200)/",""
"256184","09/09/2025 10:01","","Kénitra Centre","","0","0","13 MAD","/Date(1759183200000+0200)/",""
"502815","09/09/2025 09:58","","KENITRA CENTRE","","0","0","27 MAD","/Date(1759183200000+0200)/",""
"482107","09/09/2025 09:26","1344","Total AL BOUSTANE","","0","20","217.6 MAD","/Date(1759183200000+0200)/",""
"256184","09/09/2025 08:59","","Larache","","0","0","27 MAD","/Date(1759183200000+0200)/",""
"278315","08/09/2025 17:22","","Larache","","0","0","39 MAD","/Date(1759183200000+0200)/",""
"256184","08/09/2025 16:49","","M'Nasra","","0","0","27 MAD","/Date(1759183200000+0200)/",""
"278315","08/09/2025 14:43","","Mly Bousselham","","0","0","11 MAD","/Date(1759183200000+0200)/",""
"278315","08/09/2025 09:28","","Kénitra Nord","","0","0","28 MAD","/Date(1759183200000+0200)/",""
"256184","08/09/2025 09:18","","Larache","","0","0","27 MAD","/Date(1759183200000+0200)/",""
"482107","07/09/2025 18:14","1315","Total AL BOUSTANE","","0","40","447.2 MAD","/Date(1759183200000+0200)/",""
"482107","07/09/2025 18:08","1311","Total ROSALES","","0","51.42","580 MAD","/Date(1759183200000+0200)/",""
"502815","07/09/2025 17:28","","Larache","","0","0","27 MAD","/Date(1759183200000+0200)/",""
"278315","07/09/2025 17:23","","Larache","","0","0","39 MAD","/Date(1759183200000+0200)/",""
"256184","07/09/2025 16:39","","Mly Bousselham","","0","0","11 MAD","/Date(1759183200000+0200)/",""
"468565","07/09/2025 16:35","","M'Nasra","","0","0","27 MAD","/Date(1759183200000+0200)/",""
"476452","07/09/2025 15:20","1312","Total AL BOUSTANE","","1","37.57","420.03 MAD","/Date(1759183200000+0200)/",""
"468565","07/09/2025 12:16","","Kénitra Centre","","0","0","13 MAD","/Date(1759183200000+0200)/",""
"278315","07/09/2025 10:35","","Kénitra Nord","","0","0","39 MAD","/Date(1759183200000+0200)/",""
"502815","07/09/2025 10:26","","Kénitra Nord","","0","0","28 MAD","/Date(1759183200000+0200)/",""
"468565","07/09/2025 10:18","","Kénitra Centre","","0","0","13 MAD","/Date(1759183200000+0200)/",""
"502815","07/09/2025 09:42","","Kénitra Centre","","0","0","13 MAD","/Date(1759183200000+0200)/",""
"468565","07/09/2025 09:14","","Larache","","0","0","27 MAD","/Date(1759183200000+0200)/",""
"482107","07/09/2025 08:09","1297","Total ROSALES","","0","51.42","580 MAD","/Date(1759183200000+0200)/",""
"482107","07/09/2025 07:34","1302","Total AL BOUSTANE","","0","31.31","350.05 MAD","/Date(1759183200000+0200)/",""
"476452","06/09/2025 21:43","3381","Total AVENIR","","1","27.03","300 MAD","/Date(1759183200000+0200)/",""
"502815","06/09/2025 21:43","3257","Total AGUEDAL","","0","61.3","662.04 MAD","/Date(1759183200000+0200)/",""
"256184","06/09/2025 17:16","","M'Nasra","","0","0","27 MAD","/Date(1759183200000+0200)/",""
"468565","06/09/2025 17:14","","Mly Bousselham","","0","0","11 MAD","/Date(1759183200000+0200)/",""
"468565","06/09/2025 16:12","","Larache","","0","0","11 MAD","/Date(1759183200000+0200)/",""
"278315","06/09/2025 14:47","","Marrakech - Palmeraie","","0","0","69 MAD","/Date(1759183200000+0200)/",""
"482106","06/09/2025 12:10","904","Mahatta - DJEBILET","","0","60.93","700 MAD","/Date(1759183200000+0200)/",""
"256184","06/09/2025 09:16","","Larache","","0","0","27 MAD","/Date(1759183200000+0200)/",""
"468565","06/09/2025 09:13","","Mly Bousselham","","0","0","11 MAD","/Date(1759183200000+0200)/",""
"468565","06/09/2025 08:51","","Larache","","0","0","11 MAD","/Date(1759183200000+0200)/",""
"468565","05/09/2025 17:00","","Mly Bousselham","","0","0","11 MAD","/Date(1759183200000+0200)/",""
"256184","05/09/2025 16:54","","M'Nasra","","0","0","27 MAD","/Date(1759183200000+0200)/",""
"468565","05/09/2025 16:18","","Larache","","0","0","11 MAD","/Date(1759183200000+0200)/",""
"482107","05/09/2025 15:18","1240","Total ROSALES","","0","35.02","395 MAD","/Date(1759183200000+0200)/",""
"256184","05/09/2025 09:10","","Larache","","0","0","27 MAD","/Date(1759183200000+0200)/",""
"482107","05/09/2025 07:26","1282","Total AL BOUSTANE","","0","48.31","540.11 MAD","/Date(1759183200000+0200)/",""
"278315","04/09/2025 21:38","","Berrechid Centre ","","0","0","80 MAD","/Date(1759183200000+0200)/",""
"278315","04/09/2025 19:01","","Tit Méllil","","0","0","10 MAD","/Date(1759183200000+0200)/",""
"278315","04/09/2025 18:40","","Barrière Principale Bouz","","0","0","23 MAD","/Date(1759183200000+0200)/",""
"278315","04/09/2025 18:11","","Sala-Al Jadida","","0","0","12 MAD","/Date(1759183200000+0200)/",""
"278315","04/09/2025 17:51","","Kénitra Centre","","0","0","13 MAD","/Date(1759183200000+0200)/",""
"476452","04/09/2025 17:33","3333","Total AVENIR","","4","24.87","276.06 MAD","/Date(1759183200000+0200)/",""
"502815","04/09/2025 14:59","","BOUZNIKA PV ENTREES","","0","0","23 MAD","/Date(1759183200000+0200)/",""
"502815","04/09/2025 14:37","","Tit Méllil","","0","0","10 MAD","/Date(1759183200000+0200)/",""
"502815","04/09/2025 14:19","","Kasbah Tadla","","0","0","66 MAD","/Date(1759183200000+0200)/",""
"502815","04/09/2025 10:06","","Berrechid Centre ","","0","0","66 MAD","/Date(1759183200000+0200)/",""
"502815","04/09/2025 08:23","","Tit Méllil","","0","0","10 MAD","/Date(1759183200000+0200)/",""
"502815","04/09/2025 07:50","","Barrière Principale Bouz","","0","0","23 MAD","/Date(1759183200000+0200)/",""
"278315","03/09/2025 17:50","","Larache","","0","0","39 MAD","/Date(1759183200000+0200)/",""
"476452","03/09/2025 16:41","1206","Total ROSALES","","1111","44.33","500 MAD","/Date(1759183200000+0200)/",""
"468565","03/09/2025 16:09","","Mly Bousselham","","0","0","11 MAD","/Date(1759183200000+0200)/",""
"468565","03/09/2025 15:16","","Larache","","0","0","11 MAD","/Date(1759183200000+0200)/",""
"256184","03/09/2025 13:14","","Mly Bousselham","","0","0","11 MAD","/Date(1759183200000+0200)/",""
"468565","03/09/2025 11:12","","Kénitra Nord","","0","0","39 MAD","/Date(1759183200000+0200)/",""
"256184","03/09/2025 10:01","","Larache","","0","0","11 MAD","/Date(1759183200000+0200)/",""
"468565","03/09/2025 08:12","","Larache","","0","0","39 MAD","/Date(1759183200000+0200)/",""
"420178","02/09/2025 22:08","6285","Total MALAKIA","","0","39.78","473 MAD","/Date(1764457200000+0100)/",""
"468565","02/09/2025 19:27","","Kénitra Nord","","0","0","39 MAD","/Date(1759183200000+0200)/",""
"477036","02/09/2025 19:19","1091","MAHATTA RELAIS BOUREGREG","","0","54.38","590.02 MAD","/Date(1759183200000+0200)/",""
"468565","02/09/2025 17:50","","DEMI TOUR NON AUTORI","","0","0","87 MAD","/Date(1759183200000+0200)/",""
"482107","02/09/2025 17:22","1258","Total AL BOUSTANE","","0","48.58","543.12 MAD","/Date(1759183200000+0200)/",""
"502815","02/09/2025 16:20","","Kénitra Centre","","0","0","13 MAD","/Date(1759183200000+0200)/",""
"502815","02/09/2025 16:12","","Mly Bousselham","","0","0","28 MAD","/Date(1759183200000+0200)/",""
"256184","02/09/2025 13:31","","M'Nasra","","0","0","27 MAD","/Date(1759183200000+0200)/",""
"468565","02/09/2025 12:58","","Larache","","0","0","11 MAD","/Date(1759183200000+0200)/",""
"482107","02/09/2025 11:31","1255","Total AL BOUSTANE","","0","40.26","450.11 MAD","/Date(1759183200000+0200)/",""
"256184","02/09/2025 10:12","","Larache","","0","0","27 MAD","/Date(1759183200000+0200)/",""
"502815","02/09/2025 09:30","","Kénitra Nord","","0","0","39 MAD","/Date(1759183200000+0200)/",""
"502815","02/09/2025 08:29","","Kénitra Centre","","0","0","13 MAD","/Date(1759183200000+0200)/",""
"278315","01/09/2025 16:34","","Larache","","0","0","39 MAD","/Date(1759183200000+0200)/",""
"278315","01/09/2025 10:43","","Kénitra Nord","","0","0","39 MAD","/Date(1759183200000+0200)/",""
"482107","01/09/2025 10:36","1244","Total AL BOUSTANE","","0","40","447.2 MAD","/Date(1759183200000+0200)/",""
"502815","31/08/2025 15:28","","Kénitra Centre","","0","0","13 MAD","/Date(1759183200000+0200)/",""
"502815","31/08/2025 15:19","","Mly Bousselham","","0","0","28 MAD","/Date(1759183200000+0200)/",""
"476452","31/08/2025 13:33","5218","Total MENASRA","","291389","53.54","600.18 MAD","/Date(1759183200000+0200)/",""
"278315","31/08/2025 13:03","","Kénitra Centre","","0","0","13 MAD","/Date(1759183200000+0200)/",""
"278315","31/08/2025 12:41","","Sala-Al Jadida","","0","0","12 MAD","/Date(1759183200000+0200)/",""
"278315","31/08/2025 12:10","","BOUZNIKA PV ENTREES","","0","0","23 MAD","/Date(1759183200000+0200)/",""
"278315","31/08/2025 11:14","","Aéoroport Mohamed V","","0","0","6 MAD","/Date(1759183200000+0200)/",""
"502815","31/08/2025 09:49","","KENITRA CENTRE","","0","0","27 MAD","/Date(1759183200000+0200)/",""
"278315","31/08/2025 09:38","","Aéoroport Mohamed V","","0","0","6 MAD","/Date(1759183200000+0200)/",""
"278315","31/08/2025 09:15","","Tit Méllil","","0","0","10 MAD","/Date(1759183200000+0200)/",""
"278315","31/08/2025 08:52","","Barrière Principale Bouz","","0","0","23 MAD","/Date(1759183200000+0200)/",""
"278315","31/08/2025 08:24","","Sala-Al Jadida","","0","0","12 MAD","/Date(1759183200000+0200)/",""
"278315","31/08/2025 08:04","","Kénitra Centre","","0","0","13 MAD","/Date(1759183200000+0200)/",""
"278315","31/08/2025 07:53","","Larache","","0","0","39 MAD","/Date(1759183200000+0200)/",""
"502815","30/08/2025 21:36","9581","Mahatta - Relais de TANG","","0","24.52","290.07 MAD","/Date(1756591200000+0200)/",""
"256184","30/08/2025 18:31","","Kénitra Nord","","0","0","39 MAD","/Date(1759183200000+0200)/",""
"482107","30/08/2025 15:15","1225","Total AL BOUSTANE","","0","26.84","300.07 MAD","/Date(1756591200000+0200)/",""
"256184","30/08/2025 10:48","","Larache","","0","0","39 MAD","/Date(1759183200000+0200)/",""
"482106","30/08/2025 10:05","2297","TOTAL VILLE VERTE","","0","65.24","730 MAD","/Date(1756591200000+0200)/",""
"482107","30/08/2025 08:39","1220","Total AL BOUSTANE","","0","37.04","414.11 MAD","/Date(1756591200000+0200)/",""
"502815","29/08/2025 21:53","","Melloussa BPV ","","0","0","12 MAD","/Date(1759183200000+0200)/",""
"256184","29/08/2025 17:33","","M'Nasra","","0","0","27 MAD","/Date(1759183200000+0200)/",""
"482107","29/08/2025 12:23","1209","Total AL BOUSTANE","","0","40","447.2 MAD","/Date(1756591200000+0200)/",""
"482107","29/08/2025 12:20","1208","Total AL BOUSTANE","","0","50.99","570.07 MAD","/Date(1756591200000+0200)/",""
"420178","29/08/2025 12:00","4938","TOTAL 11 JANVIER","","0","17.87","200 MAD","/Date(1756591200000+0200)/",""
"502815","29/08/2025 11:14","","AIN DALIA","","0","0","19 MAD","/Date(1759183200000+0200)/",""
"256184","29/08/2025 09:08","","Larache","","0","0","27 MAD","/Date(1759183200000+0200)/",""
"477036","28/08/2025 19:15","","Tit Méllil","","0","0","10 MAD","/Date(1759183200000+0200)/",""
"477036","28/08/2025 18:51","","Barrière Principale Bouz","","0","0","23 MAD","/Date(1759183200000+0200)/",""
"256184","28/08/2025 17:45","","M'Nasra","","0","0","27 MAD","/Date(1759183200000+0200)/",""
"477036","28/08/2025 16:19","","Bouznika (Vers Bouznika)","","0","0","11 MAD","/Date(1759183200000+0200)/",""
"477036","28/08/2025 15:49","","Sala-Al Jadida","","0","0","12 MAD","/Date(1759183200000+0200)/",""
"477036","28/08/2025 15:28","","Kénitra Centre","","0","0","13 MAD","/Date(1759183200000+0200)/",""
"502815","28/08/2025 13:05","","Larache","","0","0","27 MAD","/Date(1759183200000+0200)/",""
"502815","28/08/2025 11:37","","Kénitra Nord","","0","0","39 MAD","/Date(1759183200000+0200)/",""
"502815","28/08/2025 11:26","1197","Total AL BOUSTANE","","0","37.57","420.03 MAD","/Date(1756591200000+0200)/",""
"502815","28/08/2025 10:30","","Kénitra Centre","","0","0","13 MAD","/Date(1759183200000+0200)/",""
"482107","28/08/2025 10:20","1195","Total AL BOUSTANE","","0","46.07","515.06 MAD","/Date(1756591200000+0200)/",""
"468564","28/08/2025 10:07","1194","Total AL BOUSTANE","","0","40","447.2 MAD","/Date(1756591200000+0200)/",""
"477036","28/08/2025 09:23","","Kénitra Centre","","0","0","13 MAD","/Date(1759183200000+0200)/",""
"477036","28/08/2025 09:04","","Sala-Al Jadida","","0","0","12 MAD","/Date(1759183200000+0200)/",""
"256184","28/08/2025 09:00","","Larache","","0","0","27 MAD","/Date(1759183200000+0200)/",""
"477036","28/08/2025 08:28","","BOUZNIKA PV ENTREES","","0","0","23 MAD","/Date(1759183200000+0200)/",""
"477036","28/08/2025 08:05","","Tit Méllil","","0","0","10 MAD","/Date(1759183200000+0200)/",""
"477036","28/08/2025 07:56","5362","Mahatta - RELAIS AL BAID","","0","16.98","200.02 MAD","/Date(1756591200000+0200)/",""
"477036","28/08/2025 07:55","5361","Mahatta - RELAIS AL BAID","","0","62.63","700.2 MAD","/Date(1756591200000+0200)/",""
"468564","28/08/2025 07:18","1190","Total AL BOUSTANE","","0","30.43","340.21 MAD","/Date(1756591200000+0200)/",""
"502815","27/08/2025 19:02","","BOUZNIKA PV ENTREES","","0","0","23 MAD","/Date(1759183200000+0200)/",""
"502815","27/08/2025 18:38","","Tit Méllil","","0","0","10 MAD","/Date(1759183200000+0200)/",""
"502815","27/08/2025 18:17",""," Amsekroud","","0","0","164 MAD","/Date(1759183200000+0200)/",""
"468565","27/08/2025 17:20","","M'Nasra","","0","0","27 MAD","/Date(1759183200000+0200)/",""
"468565","27/08/2025 08:49","","Larache","","0","0","27 MAD","/Date(1759183200000+0200)/",""
"256184","26/08/2025 17:11","","M'Nasra","","0","0","27 MAD","/Date(1759183200000+0200)/",""
"468564","26/08/2025 14:14","1181","Total AL BOUSTANE","","0","40","447.2 MAD","/Date(1756591200000+0200)/",""
"468564","26/08/2025 09:44","1176","Total AL BOUSTANE","","0","40","447.2 MAD","/Date(1756591200000+0200)/",""
"256184","26/08/2025 09:13","","Larache","","0","0","27 MAD","/Date(1759183200000+0200)/",""
"468564","26/08/2025 08:24","1174","Total AL BOUSTANE","","0","45.64","510.26 MAD","/Date(1756591200000+0200)/",""
"477036","26/08/2025 07:29","532","MAHATTA RELAIS BOUREGREG","","0","49.33","550.03 MAD","/Date(1756591200000+0200)/",""
"256184","25/08/2025 17:06","","M'Nasra","","0","0","27 MAD","/Date(1756591200000+0200)/",""
"468564","25/08/2025 13:11","1166","Total AL BOUSTANE","","0","53.67","600.03 MAD","/Date(1756591200000+0200)/",""
"256184","25/08/2025 08:23","","Larache","","0","0","27 MAD","/Date(1756591200000+0200)/",""
"468564","24/08/2025 19:11","1156","Total AL BOUSTANE","","0","46.52","520.09 MAD","/Date(1756591200000+0200)/",""
"482106","24/08/2025 15:28","9225","TEMM LES FACULTES","","0","69.77","780 MAD","/Date(1756591200000+0200)/",""
"256184","23/08/2025 17:40","","M'Nasra","","0","0","27 MAD","/Date(1756591200000+0200)/",""
"498757","23/08/2025 17:02","","Berrechid Centre ","","0","0","164 MAD","/Date(1756591200000+0200)/",""
"498757","23/08/2025 13:16","","Tit Méllil","","0","0","10 MAD","/Date(1756591200000+0200)/",""
"498757","23/08/2025 12:55","","Barrière Principale Bouz","","0","0","23 MAD","/Date(1756591200000+0200)/",""
"477036","23/08/2025 08:58","1922","TOTAL VILLE VERTE","","0","57.2","640.07 MAD","/Date(1756591200000+0200)/",""
"256184","23/08/2025 08:50","","Larache","","0","0","27 MAD","/Date(1756591200000+0200)/",""
"468564","23/08/2025 08:06","1142","Total AL BOUSTANE","","0","47.87","535.19 MAD","/Date(1756591200000+0200)/",""
"256184","22/08/2025 17:17","","M'Nasra","","0","0","27 MAD","/Date(1756591200000+0200)/",""
"498757","22/08/2025 13:03","","Kénitra Centre","","0","0","13 MAD","/Date(1756591200000+0200)/",""
"498757","22/08/2025 12:55","","KENITRA CENTRE","","0","0","66 MAD","/Date(1756591200000+0200)/",""
"477036","22/08/2025 11:53","","Casa Est (Entrée)","","0","0","5 MAD","/Date(1756591200000+0200)/",""
"468564","22/08/2025 10:47","1133","Total AL BOUSTANE","","0","40","447.2 MAD","/Date(1756591200000+0200)/",""
"256184","22/08/2025 08:55","","Larache","","0","0","27 MAD","/Date(1756591200000+0200)/",""
"256184","21/08/2025 16:57","","M'Nasra","","0","0","27 MAD","/Date(1756591200000+0200)/",""
"468564","21/08/2025 13:35","1124","Total AL BOUSTANE","","0","40","451.2 MAD","/Date(1756591200000+0200)/",""
"498757","21/08/2025 13:06","","Larache","","0","0","27 MAD","/Date(1756591200000+0200)/",""
"498757","21/08/2025 10:27","","KENITRA CENTRE","","0","0","27 MAD","/Date(1756591200000+0200)/",""
"256184","21/08/2025 08:56","","Larache","","0","0","27 MAD","/Date(1756591200000+0200)/",""
"256184","20/08/2025 10:22","1110","Total AL BOUSTANE","","0","40","451.2 MAD","/Date(1756591200000+0200)/",""
"256184","20/08/2025 08:50","1109","Total AL BOUSTANE","","0","40","451.2 MAD","/Date(1756591200000+0200)/",""
"256184","20/08/2025 08:47","1108","Total AL BOUSTANE","","0","48.76","550.01 MAD","/Date(1756591200000+0200)/",""
"498757","19/08/2025 16:48","","Larache","","0","0","27 MAD","/Date(1756591200000+0200)/",""
"498757","19/08/2025 15:08","1104","Total AL BOUSTANE","","0","64.72","730.04 MAD","/Date(1756591200000+0200)/",""
"498757","19/08/2025 12:53","","KENITRA CENTRE","","0","0","27 MAD","/Date(1756591200000+0200)/",""
"256184","19/08/2025 10:49","1101","Total AL BOUSTANE","","0","40","451.2 MAD","/Date(1756591200000+0200)/",""
"256184","19/08/2025 10:46","1100","Total AL BOUSTANE","","0","42.56","480.08 MAD","/Date(1756591200000+0200)/",""
"477036","18/08/2025 20:30","3359","MAHATTA Relais Atlantis","","0","50.98","580.15 MAD","/Date(1756591200000+0200)/",""
"498757","18/08/2025 19:10","","Larache","","0","0","27 MAD","/Date(1756591200000+0200)/",""
"256184","18/08/2025 16:45","","M'Nasra","","0","0","27 MAD","/Date(1756591200000+0200)/",""
"256184","18/08/2025 10:57","1085","Total AL BOUSTANE","","0","40","451.2 MAD","/Date(1756591200000+0200)/",""
"256184","18/08/2025 10:55","1084","Total AL BOUSTANE","","0","49.72","560.84 MAD","/Date(1756591200000+0200)/",""
"498757","18/08/2025 09:22","","KENITRA CENTRE","","0","0","27 MAD","/Date(1756591200000+0200)/",""
"256184","18/08/2025 08:23","","Larache","","0","0","27 MAD","/Date(1756591200000+0200)/",""
"256184","17/08/2025 16:51","","Mly Bousselham","","0","0","11 MAD","/Date(1756591200000+0200)/",""
"256184","17/08/2025 16:13","","M'Nasra","","0","0","14 MAD","/Date(1756591200000+0200)/",""
"498757","17/08/2025 15:57","","Larache","","0","0","27 MAD","/Date(1756591200000+0200)/",""
"256184","17/08/2025 14:21","","Larache","","0","0","27 MAD","/Date(1756591200000+0200)/",""
"498757","17/08/2025 12:06","","Kénitra Nord","","0","0","39 MAD","/Date(1756591200000+0200)/",""
"498757","17/08/2025 11:04","","Kénitra Centre","","0","0","13 MAD","/Date(1756591200000+0200)/",""
"256184","17/08/2025 10:25","1064","Total AL BOUSTANE","","0","40","451.2 MAD","/Date(1756591200000+0200)/",""
"256184","17/08/2025 10:09","","DEMI TOUR NON AUTORI","","0","0","49 MAD","/Date(1756591200000+0200)/",""
"256184","17/08/2025 07:49","","Larache","","0","0","27 MAD","/Date(1756591200000+0200)/",""
"256184","17/08/2025 06:27","1062","Total AL BOUSTANE","","0","40.78","460 MAD","/Date(1756591200000+0200)/",""
"498757","16/08/2025 21:27","","AIN ATIQ ENTR RBT","","0","0","4 MAD","/Date(1756591200000+0200)/",""
"498757","16/08/2025 17:15","","AIN ATIQ ENTR RBT","","0","0","4 MAD","/Date(1756591200000+0200)/",""
"468565","16/08/2025 17:04","","M'Nasra","","0","0","27 MAD","/Date(1756591200000+0200)/",""
"498757","16/08/2025 15:37","","AIN ATIQ SRT RBT","","0","0","4 MAD","/Date(1756591200000+0200)/",""
"468565","16/08/2025 08:43","","Larache","","0","0","27 MAD","/Date(1756591200000+0200)/",""
"256184","16/08/2025 08:12","1052","Total AL BOUSTANE","","0","39.75","448.38 MAD","/Date(1756591200000+0200)/",""
"256184","16/08/2025 06:58","1051","Total AL BOUSTANE","","0","46.1","520.01 MAD","/Date(1756591200000+0200)/",""
"420178","15/08/2025 23:08","5328","TOTAL TILILA","","0","41.77","500 MAD","/Date(1756591200000+0200)/",""
"468565","15/08/2025 16:48","","M'Nasra","","0","0","27 MAD","/Date(1756591200000+0200)/",""
"498757","15/08/2025 14:56","","Kénitra Centre","","0","0","13 MAD","/Date(1756591200000+0200)/",""
"498757","15/08/2025 14:47","","Larache","","0","0","39 MAD","/Date(1756591200000+0200)/",""
"498757","15/08/2025 12:57","","KENITRA CENTRE","","0","0","27 MAD","/Date(1756591200000+0200)/",""
"498757","15/08/2025 12:48","1043","Total AL BOUSTANE","","0","62.06","700.04 MAD","/Date(1756591200000+0200)/",""
"468565","15/08/2025 08:34","","Larache","","0","0","27 MAD","/Date(1756591200000+0200)/",""
"256184","14/08/2025 16:00","1033","Total AL BOUSTANE","","0","40","451.2 MAD","/Date(1756591200000+0200)/",""
"498757","14/08/2025 15:04","","Larache","","0","0","27 MAD","/Date(1756591200000+0200)/",""
"256184","14/08/2025 13:06","1029","Total AL BOUSTANE","","0","40","451.2 MAD","/Date(1756591200000+0200)/",""
"256184","14/08/2025 12:44","","Mly Bousselham","","0","0","11 MAD","/Date(1756591200000+0200)/",""
"256184","14/08/2025 11:11","","Larache","","0","0","11 MAD","/Date(1756591200000+0200)/",""
"256184","14/08/2025 09:29","1027","Total AL BOUSTANE","","0","47.88","540.09 MAD","/Date(1756591200000+0200)/",""
"498757","14/08/2025 09:23","","KENITRA CENTRE","","0","0","27 MAD","/Date(1756591200000+0200)/",""
"477036","13/08/2025 19:37","","Tit Méllil","","0","0","10 MAD","/Date(1756591200000+0200)/",""
"477036","13/08/2025 19:14","","Barrière Principale Bouz","","0","0","23 MAD","/Date(1756591200000+0200)/",""
"477036","13/08/2025 18:43","","Sala-Al Jadida","","0","0","12 MAD","/Date(1756591200000+0200)/",""
"477036","13/08/2025 18:23","","Kénitra Centre","","0","0","13 MAD","/Date(1756591200000+0200)/",""
"477036","13/08/2025 18:13","","Larache","","0","0","39 MAD","/Date(1756591200000+0200)/",""
"498757","13/08/2025 15:50","","Larache","","0","0","27 MAD","/Date(1756591200000+0200)/",""
"256184","13/08/2025 11:14","1017","Total AL BOUSTANE","","0","40","451.2 MAD","/Date(1756591200000+0200)/",""
"498757","13/08/2025 10:11","","KENITRA CENTRE","","0","0","27 MAD","/Date(1756591200000+0200)/",""
"256184","13/08/2025 08:47","1016","Total AL BOUSTANE","","0","50.54","570.09 MAD","/Date(1756591200000+0200)/",""
"256184","12/08/2025 17:13","","M'Nasra","","0","0","27 MAD","/Date(1756591200000+0200)/",""
"477036","12/08/2025 17:05","","DEMI TOUR NON AUTORI","","0","0","49 MAD","/Date(1756591200000+0200)/",""
"498757","12/08/2025 15:43","","Larache","","0","0","27 MAD","/Date(1756591200000+0200)/",""
"256184","12/08/2025 15:20","1010","Total AL BOUSTANE","","0","44.61","503.2 MAD","/Date(1756591200000+0200)/",""
"477036","12/08/2025 11:14","","Kénitra Nord","","0","0","39 MAD","/Date(1756591200000+0200)/",""
"498757","12/08/2025 10:19","","KENITRA CENTRE","","0","0","27 MAD","/Date(1756591200000+0200)/",""
"477036","12/08/2025 10:09","","Kénitra Centre","","0","0","13 MAD","/Date(1756591200000+0200)/",""
"477036","12/08/2025 09:50","","Sala-Al Jadida","","0","0","12 MAD","/Date(1756591200000+0200)/",""
"477036","12/08/2025 09:13","","BOUZNIKA PV ENTREES","","0","0","23 MAD","/Date(1756591200000+0200)/",""
"256184","12/08/2025 08:56","999","Total AL BOUSTANE","","0","20","225.6 MAD","/Date(1756591200000+0200)/",""
"477036","12/08/2025 08:50","","Tit Méllil","","0","0","10 MAD","/Date(1756591200000+0200)/",""
"477036","12/08/2025 08:41","9640","MAHATTA RELAIS BOUREGREG","","0","59.82","672.98 MAD","/Date(1756591200000+0200)/",""
"256184","12/08/2025 08:31","","Larache","","0","0","27 MAD","/Date(1756591200000+0200)/",""
"498757","11/08/2025 14:08","","Larache","","0","0","27 MAD","/Date(1756591200000+0200)/",""
"256184","11/08/2025 09:57","984","Total AL BOUSTANE","","0","20","225.6 MAD","/Date(1756591200000+0200)/",""
"498757","11/08/2025 09:54","","KENITRA CENTRE","","0","0","27 MAD","/Date(1756591200000+0200)/",""
"498757","11/08/2025 08:59","7689","Mahatta - Relais de TANG","","0","62.67","710.05 MAD","/Date(1756591200000+0200)/",""
"498757","10/08/2025 18:49","","Kénitra Nord","","0","0","66 MAD","/Date(1756591200000+0200)/",""
"278315","10/08/2025 17:02","","Kénitra Nord","","0","0","39 MAD","/Date(1756591200000+0200)/",""
"498757","10/08/2025 16:57","","Kénitra Centre","","0","0","13 MAD","/Date(1756591200000+0200)/",""
"278315","10/08/2025 15:26","","Kénitra Centre","","0","0","13 MAD","/Date(1756591200000+0200)/",""
"278315","10/08/2025 15:06","","Sala-Al Jadida","","0","0","12 MAD","/Date(1756591200000+0200)/",""
"278315","10/08/2025 14:26","","BOUZNIKA PV ENTREES","","0","0","23 MAD","/Date(1756591200000+0200)/",""
"278315","10/08/2025 13:58","","Tit Méllil","","0","0","10 MAD","/Date(1756591200000+0200)/",""
"278315","10/08/2025 13:33","","Aéoroport Mohamed V","","0","0","6 MAD","/Date(1756591200000+0200)/",""
"278315","10/08/2025 12:17","","Aéoroport Mohamed V","","0","0","6 MAD","/Date(1756591200000+0200)/",""
"468565","10/08/2025 11:54","","Kénitra Nord","","0","0","39 MAD","/Date(1756591200000+0200)/",""
"278315","10/08/2025 11:45","","Tit Méllil","","0","0","10 MAD","/Date(1756591200000+0200)/",""
"278315","10/08/2025 11:21","","Barrière Principale Bouz","","0","0","23 MAD","/Date(1756591200000+0200)/",""
"278315","10/08/2025 10:50","","Sala-Al Jadida","","0","0","12 MAD","/Date(1756591200000+0200)/",""
"278315","10/08/2025 10:28","","Kénitra Centre","","0","0","13 MAD","/Date(1756591200000+0200)/",""
"476452","10/08/2025 10:13","2278","Total AVENIR","","290272","33.94","380.13 MAD","/Date(1756591200000+0200)/",""
"256184","10/08/2025 09:46","977","Total AL BOUSTANE","","0","80","902.4 MAD","/Date(1756591200000+0200)/",""
"468565","10/08/2025 08:32","","Larache","","0","0","39 MAD","/Date(1756591200000+0200)/",""
"256184","10/08/2025 06:52","976","Total AL BOUSTANE","","0","46.1","520 MAD","/Date(1756591200000+0200)/",""
"256184","10/08/2025 06:50","975","Total AL BOUSTANE","","0","49.53","558.7 MAD","/Date(1756591200000+0200)/",""
"498757","09/08/2025 23:28","","AIN ATIQ SRT RBT","","0","0","4 MAD","/Date(1756591200000+0200)/",""
"256184","09/08/2025 16:36","","M'Nasra","","0","0","27 MAD","/Date(1756591200000+0200)/",""
"498757","09/08/2025 15:57","","AIN ATIQ SRT RBT","","0","0","4 MAD","/Date(1756591200000+0200)/",""
"498757","09/08/2025 14:11","","Kénitra Centre","","0","0","13 MAD","/Date(1756591200000+0200)/",""
"498757","09/08/2025 13:56","","Kénitra Centre","","0","0","13 MAD","/Date(1756591200000+0200)/",""
"498757","09/08/2025 13:19","","AIN ATIQ ENTR RBT","","0","0","4 MAD","/Date(1756591200000+0200)/",""
"498757","09/08/2025 13:00","","AIN ATIQ SRT RBT","","0","0","4 MAD","/Date(1756591200000+0200)/",""
"256184","09/08/2025 08:37","","Larache","","0","0","27 MAD","/Date(1756591200000+0200)/",""
"477036","08/08/2025 23:55","","Tit Méllil","","0","0","10 MAD","/Date(1756591200000+0200)/",""
"477036","08/08/2025 23:41","","Mohammédia Est (Vers Moh","","0","0","11 MAD","/Date(1756591200000+0200)/",""
"498757","08/08/2025 21:12","","AIN ATIQ ENTR RBT","","0","0","4 MAD","/Date(1756591200000+0200)/",""
"477036","08/08/2025 21:08","","Barrière Principale Bouz","","0","0","23 MAD","/Date(1756591200000+0200)/",""
"498757","08/08/2025 19:46","","BOUZNIKA PV ENTREES","","0","0","23 MAD","/Date(1756591200000+0200)/",""
"498757","08/08/2025 19:23","","Tit Méllil","","0","0","10 MAD","/Date(1756591200000+0200)/",""
"498757","08/08/2025 19:02",""," Amsekroud","","0","0","164 MAD","/Date(1756591200000+0200)/",""
"256184","08/08/2025 16:44","","M'Nasra","","0","0","27 MAD","/Date(1756591200000+0200)/",""
"477036","08/08/2025 14:03","","BOUZNIKA PV ENTREES","","0","0","23 MAD","/Date(1756591200000+0200)/",""
"256184","08/08/2025 13:58","966","Total AL BOUSTANE","","0","40","451.2 MAD","/Date(1756591200000+0200)/",""
"477036","08/08/2025 13:32","","Tit Méllil","","0","0","10 MAD","/Date(1756591200000+0200)/",""
"256184","08/08/2025 09:05","","Larache","","0","0","27 MAD","/Date(1756591200000+0200)/",""
"256184","08/08/2025 07:54","961","Total AL BOUSTANE","","0","40","451.2 MAD","/Date(1756591200000+0200)/",""
"498757","07/08/2025 23:42","5028","TOTAL TILILA","","0","58.46","660 MAD","/Date(1756591200000+0200)/",""
"278315","07/08/2025 17:21","","Mly Bousselham","","0","0","28 MAD","/Date(1756591200000+0200)/",""
"256184","07/08/2025 17:00","","M'Nasra","","0","0","27 MAD","/Date(1756591200000+0200)/",""
"278315","07/08/2025 16:09","","Larache","","0","0","11 MAD","/Date(1756591200000+0200)/",""
"477036","07/08/2025 15:25","1284","TOTAL VILLE VERTE","","0","57.62","644.77 MAD","/Date(1756591200000+0200)/",""
"256184","07/08/2025 13:19","","Larache","","0","0","27 MAD","/Date(1756591200000+0200)/",""
"278315","07/08/2025 12:23","","Kénitra Nord","","0","0","39 MAD","/Date(1756591200000+0200)/",""
"256184","07/08/2025 11:09","952","Total AL BOUSTANE","","0","46.55","525.08 MAD","/Date(1756591200000+0200)/",""
"256184","07/08/2025 10:10","","Mly Bousselham","","0","0","11 MAD","/Date(1756591200000+0200)/",""
"256184","07/08/2025 10:01","772","Total ROSALES","","0","35.46","400 MAD","/Date(1756591200000+0200)/",""
"256184","07/08/2025 09:38","","M'Nasra","","0","0","14 MAD","/Date(1756591200000+0200)/",""
"256184","07/08/2025 08:15","","Larache","","0","0","27 MAD","/Date(1756591200000+0200)/",""
"256184","07/08/2025 07:59","949","Total AL BOUSTANE","","0","40","451.2 MAD","/Date(1756591200000+0200)/",""
"256184","07/08/2025 07:56","948","Total AL BOUSTANE","","0","40","451.2 MAD","/Date(1756591200000+0200)/",""
"477036","06/08/2025 22:44","","Tit Méllil","","0","0","10 MAD","/Date(1756591200000+0200)/",""
"477036","06/08/2025 22:20","","Barrière Principale Bouz","","0","0","23 MAD","/Date(1756591200000+0200)/",""
"278315","06/08/2025 21:17","","Kénitra Centre","","0","0","13 MAD","/Date(1756591200000+0200)/",""
"477036","06/08/2025 19:00","7065","Total HOSNI","","0","87.87","992 MAD","/Date(1756591200000+0200)/",""
"278315","06/08/2025 18:29","","Kénitra Centre","","0","0","13 MAD","/Date(1756591200000+0200)/",""
"476452","06/08/2025 18:09","2185","Total AVENIR","","289765","31.25","350 MAD","/Date(1756591200000+0200)/",""
"278315","06/08/2025 17:34","","Larache","","0","0","39 MAD","/Date(1756591200000+0200)/",""
"477036","06/08/2025 16:47",""," Skhirat (Vers Skhirat)","","0","0","7 MAD","/Date(1756591200000+0200)/",""
"468565","06/08/2025 16:32","","Mly Bousselham","","0","0","11 MAD","/Date(1756591200000+0200)/",""
"477036","06/08/2025 16:25","","Bouznika (Vers Rabat)","","0","0","11 MAD","/Date(1756591200000+0200)/",""
"468565","06/08/2025 15:38","","Larache","","0","0","11 MAD","/Date(1756591200000+0200)/",""
"477036","06/08/2025 15:03","","BOUZNIKA PV ENTREES","","0","0","23 MAD","/Date(1756591200000+0200)/",""
"477036","06/08/2025 14:39","","Tit Méllil","","0","0","10 MAD","/Date(1756591200000+0200)/",""
"278315","06/08/2025 12:24","","Kénitra Nord","","0","0","39 MAD","/Date(1756591200000+0200)/",""
"477036","05/08/2025 20:50","","Tit Méllil","","0","0","10 MAD","/Date(1756591200000+0200)/",""
"477036","05/08/2025 20:24","","Barrière Principale Bouz","","0","0","23 MAD","/Date(1756591200000+0200)/",""
"477036","05/08/2025 19:53","","Sala-Al Jadida","","0","0","12 MAD","/Date(1756591200000+0200)/",""
"477036","05/08/2025 19:15","","Kénitra Centre","","0","0","13 MAD","/Date(1756591200000+0200)/",""
"278315","05/08/2025 19:08","","Larache","","0","0","39 MAD","/Date(1756591200000+0200)/",""
"477036","05/08/2025 19:05","","Larache","","0","0","39 MAD","/Date(1756591200000+0200)/",""
"256184","05/08/2025 17:21","","M'Nasra","","0","0","27 MAD","/Date(1756591200000+0200)/",""
"420178","05/08/2025 16:47","4106","TOTAL 11 JANVIER","","0","25.23","300 MAD","/Date(1756591200000+0200)/",""
"477036","05/08/2025 16:16","","KENITRA CENTRE","","0","0","27 MAD","/Date(1756591200000+0200)/",""
"256184","05/08/2025 15:05","930","Total AL BOUSTANE","","0","40","451.2 MAD","/Date(1756591200000+0200)/",""
"256184","05/08/2025 15:03","929","Total AL BOUSTANE","","0","47.88","540.09 MAD","/Date(1756591200000+0200)/",""
"477036","05/08/2025 12:39","","Larache","","0","0","27 MAD","/Date(1756591200000+0200)/",""
"477036","05/08/2025 11:23","","Kénitra Nord","","0","0","39 MAD","/Date(1756591200000+0200)/",""
"278315","05/08/2025 10:41","","Kénitra Nord","","0","0","39 MAD","/Date(1756591200000+0200)/",""
"477036","05/08/2025 10:19","","Kénitra Centre","","0","0","13 MAD","/Date(1756591200000+0200)/",""
"256184","05/08/2025 09:58","926","Total AL BOUSTANE","","0","45.22","510.08 MAD","/Date(1756591200000+0200)/",""
"477036","05/08/2025 09:58","","Sala-Al Jadida","","0","0","12 MAD","/Date(1756591200000+0200)/",""
"477036","05/08/2025 09:17","","BOUZNIKA PV ENTREES","","0","0","23 MAD","/Date(1756591200000+0200)/",""
"477036","05/08/2025 08:55","","Tit Méllil","","0","0","10 MAD","/Date(1756591200000+0200)/",""
"256184","05/08/2025 08:28","","Larache","","0","0","27 MAD","/Date(1756591200000+0200)/",""
"256184","04/08/2025 17:00","","M'Nasra","","0","0","27 MAD","/Date(1756591200000+0200)/",""
"256184","04/08/2025 13:01","913","Total AL BOUSTANE","","0","40","451.2 MAD","/Date(1756591200000+0200)/",""
"256184","04/08/2025 09:26","","Larache","","0","0","27 MAD","/Date(1756591200000+0200)/",""
"256184","04/08/2025 07:41","909","Total AL BOUSTANE","","0","38.54","434.73 MAD","/Date(1756591200000+0200)/",""
"278315","03/08/2025 16:26","","Larache","","0","0","39 MAD","/Date(1756591200000+0200)/",""
"476452","03/08/2025 14:15","906","Total AL BOUSTANE","","289033","42.56","480.08 MAD","/Date(1756591200000+0200)/",""
"278315","03/08/2025 12:29","","Kénitra Nord","","0","0","39 MAD","/Date(1756591200000+0200)/",""
"477036","03/08/2025 02:42","","Tit Méllil","","0","0","10 MAD","/Date(1756591200000+0200)/",""
"477036","03/08/2025 02:21","","Barrière Principale Bouz","","0","0","23 MAD","/Date(1756591200000+0200)/",""
"256184","02/08/2025 15:48","","M'Nasra","","0","0","27 MAD","/Date(1756591200000+0200)/",""
"482106","02/08/2025 13:03","979","TOTAL VILLE VERTE","","0","10.72","120 MAD","/Date(1756591200000+0200)/",""
"256184","02/08/2025 10:28","898","Total AL BOUSTANE","","0","80","902.4 MAD","/Date(1756591200000+0200)/",""
"256184","02/08/2025 08:50","895","Total AL BOUSTANE","","0","40","451.2 MAD","/Date(1756591200000+0200)/",""
"256184","02/08/2025 08:17","","Larache","","0","0","27 MAD","/Date(1756591200000+0200)/",""
"256184","01/08/2025 07:59","878","Total AL BOUSTANE","","0","42.12","475.11 MAD","/Date(1756591200000+0200)/",""
"278315","31/07/2025 16:59","","Larache","","0","0","39 MAD","/Date(1756591200000+0200)/",""
"278315","31/07/2025 11:45","","Kénitra Nord","","0","0","39 MAD","/Date(1756591200000+0200)/",""
"468564","31/07/2025 11:44","","Amsekroud Entrée","","0","0","4 MAD","/Date(1756591200000+0200)/",""
"420178","31/07/2025 09:09","4801","Total MALAKIA","","0","42.05","500 MAD","/Date(1756591200000+0200)/",""
"256184","30/07/2025 16:48","","Mly Bousselham","","0","0","11 MAD","/Date(1756591200000+0200)/",""
"482107","30/07/2025 16:28","859","Total AL BOUSTANE","","0","88.65","1000 MAD","/Date(1753912800000+0200)/",""
"256184","30/07/2025 15:58","","M'Nasra","","0","0","14 MAD","/Date(1756591200000+0200)/",""
"278315","30/07/2025 14:43","","Larache","","0","0","39 MAD","/Date(1756591200000+0200)/",""
"468564","30/07/2025 13:55","","Amsekroud Entrée","","0","0","4 MAD","/Date(1756591200000+0200)/",""
"482106","30/07/2025 13:21","780","TOTAL VILLE VERTE","","0","35.75","400 MAD","/Date(1753912800000+0200)/",""
"476452","30/07/2025 12:43","856","Total AL BOUSTANE","","288416","53.2","600.1 MAD","/Date(1753912800000+0200)/",""
"468564","30/07/2025 11:15","","Amsekroud Sortie ","","0","0","4 MAD","/Date(1756591200000+0200)/",""
"278315","30/07/2025 10:02","","Kénitra Nord","","0","0","39 MAD","/Date(1756591200000+0200)/",""
"256184","30/07/2025 09:55","","Larache","","0","0","27 MAD","/Date(1756591200000+0200)/",""
"482107","30/07/2025 07:36","854","Total AL BOUSTANE","","0","47.88","540.09 MAD","/Date(1753912800000+0200)/",""
"482107","30/07/2025 07:33","853","Total AL BOUSTANE","","0","80","902.4 MAD","/Date(1753912800000+0200)/",""
"278315","30/07/2025 00:46","","Kénitra Centre","","0","0","13 MAD","/Date(1756591200000+0200)/",""
"278315","29/07/2025 15:38","","Kénitra Centre","","0","0","13 MAD","/Date(1756591200000+0200)/",""
"468564","29/07/2025 10:27","846","Total AL BOUSTANE","","0","97.52","1100 MAD","/Date(1753912800000+0200)/",""
"468564","29/07/2025 09:13","844","Total AL BOUSTANE","","0","80","902.4 MAD","/Date(1753912800000+0200)/",""
"256184","28/07/2025 17:25","","Mly Bousselham","","0","0","11 MAD","/Date(1756591200000+0200)/",""
"256184","28/07/2025 16:39","","M'Nasra","","0","0","14 MAD","/Date(1756591200000+0200)/",""
"468564","28/07/2025 13:27","836","Total AL BOUSTANE","","0","80","902.4 MAD","/Date(1753912800000+0200)/",""
"256184","28/07/2025 08:25","","Larache","","0","0","27 MAD","/Date(1756591200000+0200)/",""
"256184","27/07/2025 17:16","","M'Nasra","","0","0","27 MAD","/Date(1756591200000+0200)/",""
"278315","27/07/2025 16:21","","Larache","","0","0","39 MAD","/Date(1756591200000+0200)/",""
"468564","27/07/2025 15:07","831","Total AL BOUSTANE","","0","48.76","550.01 MAD","/Date(1753912800000+0200)/",""
"278315","27/07/2025 10:52","","Kénitra Nord","","0","0","39 MAD","/Date(1756591200000+0200)/",""
"468564","27/07/2025 09:15","823","Total AL BOUSTANE","","0","40","451.2 MAD","/Date(1753912800000+0200)/",""
"468564","27/07/2025 09:14","822","Total AL BOUSTANE","","0","80","902.4 MAD","/Date(1753912800000+0200)/",""
"256184","27/07/2025 08:46","","Larache","","0","0","27 MAD","/Date(1756591200000+0200)/",""
"498757","26/07/2025 19:59","","Berrechid Centre ","","0","0","164 MAD","/Date(1756591200000+0200)/",""
"256184","26/07/2025 17:39","","M'Nasra","","0","0","27 MAD","/Date(1756591200000+0200)/",""
"498757","26/07/2025 15:01","","Tit Méllil","","0","0","10 MAD","/Date(1756591200000+0200)/",""
"498757","26/07/2025 14:40","","Barrière Principale Bouz","","0","0","23 MAD","/Date(1756591200000+0200)/",""
"256184","26/07/2025 10:38","817","Total AL BOUSTANE","","0","50","564 MAD","/Date(1753912800000+0200)/",""
"256184","26/07/2025 08:50","","Larache","","0","0","27 MAD","/Date(1756591200000+0200)/",""
"256184","26/07/2025 08:04","815","Total AL BOUSTANE","","0","40","451.2 MAD","/Date(1753912800000+0200)/",""
"256184","26/07/2025 08:03","814","Total AL BOUSTANE","","0","38.61","435.52 MAD","/Date(1753912800000+0200)/",""
"498757","25/07/2025 20:24","","Kénitra Centre","","0","0","13 MAD","/Date(1753912800000+0200)/",""
"498757","25/07/2025 20:16","","KENITRA CENTRE","","0","0","66 MAD","/Date(1753912800000+0200)/",""
"256184","25/07/2025 17:01","","M'Nasra","","0","0","27 MAD","/Date(1753912800000+0200)/",""
"278315","25/07/2025 16:42","","Larache","","0","0","39 MAD","/Date(1753912800000+0200)/",""
"498757","25/07/2025 14:59","","Melloussa BPV ","","0","0","19 MAD","/Date(1753912800000+0200)/",""
"476452","25/07/2025 14:37","808","Total AL BOUSTANE","","287617","49.92","563.1 MAD","/Date(1753912800000+0200)/",""
"256184","25/07/2025 13:32","","Mly Bousselham","","0","0","14 MAD","/Date(1753912800000+0200)/",""
"256184","25/07/2025 12:29","","M'Nasra","","0","0","14 MAD","/Date(1753912800000+0200)/",""
"278315","25/07/2025 10:54","","Kénitra Nord","","0","0","39 MAD","/Date(1753912800000+0200)/",""
"498757","25/07/2025 09:22","","AIN DALIA","","0","0","19 MAD","/Date(1753912800000+0200)/",""
"498757","25/07/2025 09:04","2273","TOTAL AIN DALIA","","0","26.48","300 MAD","/Date(1753912800000+0200)/",""
"256184","25/07/2025 08:55","","Larache","","0","0","27 MAD","/Date(1753912800000+0200)/",""
"256184","25/07/2025 08:11","802","Total AL BOUSTANE","","0","40","451.2 MAD","/Date(1753912800000+0200)/",""
"256184","25/07/2025 08:10","801","Total AL BOUSTANE","","0","40","451.2 MAD","/Date(1753912800000+0200)/",""
"256184","24/07/2025 17:02","","M'Nasra","","0","0","27 MAD","/Date(1753912800000+0200)/",""
"498757","24/07/2025 12:32","","Larache","","0","0","27 MAD","/Date(1753912800000+0200)/",""
"256184","24/07/2025 10:07","783","Total AL BOUSTANE","","0","20","225.6 MAD","/Date(1753912800000+0200)/",""
"498757","24/07/2025 09:56","","KENITRA CENTRE","","0","0","27 MAD","/Date(1753912800000+0200)/",""
"256184","24/07/2025 08:27","","Larache","","0","0","27 MAD","/Date(1753912800000+0200)/",""
"256184","23/07/2025 16:56","777","Total AL BOUSTANE","","0","47.88","540.09 MAD","/Date(1753912800000+0200)/",""
"256184","23/07/2025 16:49","","M'Nasra","","0","0","27 MAD","/Date(1753912800000+0200)/",""
"498757","23/07/2025 15:05","","Larache","","0","0","27 MAD","/Date(1753912800000+0200)/",""
"278315","23/07/2025 14:28","","Kénitra Centre","","0","0","13 MAD","/Date(1753912800000+0200)/",""
"256184","23/07/2025 13:54","771","Total AL BOUSTANE","","0","47.61","537.04 MAD","/Date(1753912800000+0200)/",""
"256184","23/07/2025 13:48","770","Total AL BOUSTANE","","0","40","451.2 MAD","/Date(1753912800000+0200)/",""
"256184","23/07/2025 13:48","769","Total AL BOUSTANE","","0","80","902.4 MAD","/Date(1753912800000+0200)/",""
"278315","23/07/2025 12:56","","Kénitra Centre","","0","0","13 MAD","/Date(1753912800000+0200)/",""
"498757","23/07/2025 09:39","","KENITRA CENTRE","","0","0","27 MAD","/Date(1753912800000+0200)/",""
"256184","23/07/2025 08:57","","Larache","","0","0","27 MAD","/Date(1753912800000+0200)/",""
"482106","22/07/2025 20:13","4160","Total AVIATION","","0","61.16","685 MAD","/Date(1753912800000+0200)/",""
"477036","22/07/2025 19:18","","Sala-Al Jadida","","0","0","12 MAD","/Date(1753912800000+0200)/",""
"477036","22/07/2025 17:50","3591","SECOLA","","0","26.81","300 MAD","/Date(1753912800000+0200)/",""
"256184","22/07/2025 17:32","","Mly Bousselham","","0","0","11 MAD","/Date(1753912800000+0200)/",""
"278315","22/07/2025 17:18","","Larache","","0","0","39 MAD","/Date(1753912800000+0200)/",""
"477036","22/07/2025 16:51","","Sala-Al Jadida","","0","0","12 MAD","/Date(1753912800000+0200)/",""
"256184","22/07/2025 16:40","","M'Nasra","","0","0","14 MAD","/Date(1753912800000+0200)/",""
"477036","22/07/2025 16:31","","Kénitra Centre","","0","0","13 MAD","/Date(1753912800000+0200)/",""
"477036","22/07/2025 16:22","","Larache","","0","0","39 MAD","/Date(1753912800000+0200)/",""
"498757","22/07/2025 13:44","","Larache","","0","0","27 MAD","/Date(1753912800000+0200)/",""
"256184","22/07/2025 11:07","748","Total AL BOUSTANE","","0","40","451.2 MAD","/Date(1753912800000+0200)/",""
"477036","22/07/2025 10:01","","Kénitra Nord","","0","0","39 MAD","/Date(1753912800000+0200)/",""
"498757","22/07/2025 09:44","","KENITRA CENTRE","","0","0","27 MAD","/Date(1753912800000+0200)/",""
"278315","22/07/2025 09:38","","Kénitra Nord","","0","0","39 MAD","/Date(1753912800000+0200)/",""
"477036","22/07/2025 08:51","","Kénitra Centre","","0","0","13 MAD","/Date(1753912800000+0200)/",""
"256184","22/07/2025 08:47","","Larache","","0","0","27 MAD","/Date(1753912800000+0200)/",""
"477036","22/07/2025 08:03","","BOUZNIKA PV ENTREES","","0","0","23 MAD","/Date(1753912800000+0200)/",""
"477036","22/07/2025 07:41","","Tit Méllil","","0","0","10 MAD","/Date(1753912800000+0200)/",""
"498757","21/07/2025 20:48","5538","Mahatta - Relais de TANG","","0","61.79","700.08 MAD","/Date(1753912800000+0200)/",""
"278315","21/07/2025 17:39","","Larache","","0","0","39 MAD","/Date(1753912800000+0200)/",""
"256184","21/07/2025 16:51","","M'Nasra","","0","0","27 MAD","/Date(1753912800000+0200)/",""
"498757","21/07/2025 16:26","","Larache","","0","0","27 MAD","/Date(1753912800000+0200)/",""
"476452","21/07/2025 15:31","742","Total AL BOUSTANE","","286921","44.33","500.04 MAD","/Date(1753912800000+0200)/",""
"498757","21/07/2025 13:18","","Kénitra Nord","","0","0","28 MAD","/Date(1753912800000+0200)/",""
"278315","21/07/2025 11:36","","Kénitra Nord","","0","0","28 MAD","/Date(1753912800000+0200)/",""
"498757","21/07/2025 09:50","","KENITRA CENTRE","","0","0","66 MAD","/Date(1753912800000+0200)/",""
"256184","21/07/2025 09:03","","Larache","","0","0","27 MAD","/Date(1753912800000+0200)/",""
"256184","21/07/2025 06:39","736","Total AL BOUSTANE","","0","39.9","450.07 MAD","/Date(1753912800000+0200)/",""
"278315","20/07/2025 16:58","","Larache","","0","0","39 MAD","/Date(1753912800000+0200)/",""
"256184","20/07/2025 16:38","","Mly Bousselham","","0","0","11 MAD","/Date(1753912800000+0200)/",""
"256184","20/07/2025 16:02","","M'Nasra","","0","0","14 MAD","/Date(1753912800000+0200)/",""
"498757","20/07/2025 15:14","","Larache","","0","0","27 MAD","/Date(1753912800000+0200)/",""
"278315","20/07/2025 11:30","","Kénitra Nord","","0","0","39 MAD","/Date(1753912800000+0200)/",""
"498757","20/07/2025 11:23","","KENITRA CENTRE","","0","0","27 MAD","/Date(1753912800000+0200)/",""
"256184","20/07/2025 11:09","729","Total AL BOUSTANE","","0","40","451.2 MAD","/Date(1753912800000+0200)/",""
"256184","20/07/2025 09:07","","Mly Bousselham","","0","0","14 MAD","/Date(1753912800000+0200)/",""
"256184","20/07/2025 08:33","","Larache","","0","0","11 MAD","/Date(1753912800000+0200)/",""
"498757","19/07/2025 20:58","","Kénitra Nord","","0","0","66 MAD","/Date(1753912800000+0200)/",""
"498757","19/07/2025 19:22","","Kénitra Centre","","0","0","13 MAD","/Date(1753912800000+0200)/",""
"256184","19/07/2025 17:23","723","Total AL BOUSTANE","","0","45.22","510.08 MAD","/Date(1753912800000+0200)/",""
"256184","19/07/2025 17:03","","M'Nasra","","0","0","27 MAD","/Date(1753912800000+0200)/",""
"498757","19/07/2025 16:27","","AIN ATIQ ENTR RBT","","0","0","4 MAD","/Date(1753912800000+0200)/",""
"498757","19/07/2025 16:15","","AIN ATIQ SRT RBT","","0","0","4 MAD","/Date(1753912800000+0200)/",""
"420178","19/07/2025 14:24","3388","TOTAL 11 JANVIER","","0","56.36","670.12 MAD","/Date(1753912800000+0200)/",""
"498757","19/07/2025 13:42","","AIN ATIQ ENTR RBT","","0","0","4 MAD","/Date(1753912800000+0200)/",""
"498757","19/07/2025 12:47","","AIN ATIQ SRT RBT","","0","0","4 MAD","/Date(1753912800000+0200)/",""
"498757","19/07/2025 12:10","","Kénitra Centre","","0","0","13 MAD","/Date(1753912800000+0200)/",""
"498757","19/07/2025 11:42","","KENITRA CENTRE","","0","0","66 MAD","/Date(1753912800000+0200)/",""
"498757","19/07/2025 10:44","1854","MAHATTA Relais Atlantis","","0","52.72","600 MAD","/Date(1753912800000+0200)/",""
"256184","19/07/2025 09:10","","Larache","","0","0","27 MAD","/Date(1753912800000+0200)/",""
"278315","19/07/2025 01:05","","Kénitra Centre","","0","0","13 MAD","/Date(1753912800000+0200)/",""
"498757","19/07/2025 00:00","","Melloussa BPV ","","0","0","19 MAD","/Date(1753912800000+0200)/",""
"256184","18/07/2025 21:48","","Larache","","0","0","3 MAD","/Date(1753912800000+0200)/",""
"278315","18/07/2025 20:55","","Kénitra Centre","","0","0","13 MAD","/Date(1753912800000+0200)/",""
"477036","18/07/2025 18:55","196","TOTAL VILLE VERTE","","0","64.99","844.22 MAD","/Date(1753912800000+0200)/",""
"477036","18/07/2025 17:46","191","TOTAL VILLE VERTE","","0","88.92","995 MAD","/Date(1753912800000+0200)/",""
"256184","18/07/2025 17:23","","M'Nasra","","0","0","27 MAD","/Date(1753912800000+0200)/",""
"256184","18/07/2025 16:48","718","Total AL BOUSTANE","","0","46.99","530.05 MAD","/Date(1753912800000+0200)/",""
"256184","18/07/2025 13:55","","Mly Bousselham","","0","0","14 MAD","/Date(1753912800000+0200)/",""
"477036","18/07/2025 13:28","2294","Total Racine","","0","67.98","760 MAD","/Date(1753912800000+0200)/",""
"256184","18/07/2025 12:39","","M'Nasra","","0","0","14 MAD","/Date(1753912800000+0200)/",""
"256184","18/07/2025 12:03","716","Total AL BOUSTANE","","0","40","451.2 MAD","/Date(1753912800000+0200)/",""
"498757","18/07/2025 11:32","","AIN DALIA","","0","0","19 MAD","/Date(1753912800000+0200)/",""
"256184","18/07/2025 08:22","","Larache","","0","0","27 MAD","/Date(1753912800000+0200)/",""
"278315","17/07/2025 17:32","","Larache","","0","0","39 MAD","/Date(1753912800000+0200)/",""
"498757","17/07/2025 15:15","","Larache","","0","0","27 MAD","/Date(1753912800000+0200)/",""
"476452","17/07/2025 15:06","706","Total AL BOUSTANE","","286119","54.97","620.06 MAD","/Date(1753912800000+0200)/",""
"482106","17/07/2025 11:34","966","Mahatta - RELAIS AL BAID","","0","53.89","640.21 MAD","/Date(1753912800000+0200)/",""
"278315","17/07/2025 11:26","","Kénitra Nord","","0","0","39 MAD","/Date(1753912800000+0200)/",""
"498757","17/07/2025 11:10","","KENITRA CENTRE","","0","0","27 MAD","/Date(1753912800000+0200)/",""
"256184","17/07/2025 09:30","701","Total AL BOUSTANE","","0","40","451.2 MAD","/Date(1753912800000+0200)/",""
"278315","16/07/2025 17:11","","Larache","","0","0","39 MAD","/Date(1753912800000+0200)/",""
"256184","16/07/2025 14:57","","M'Nasra","","0","0","27 MAD","/Date(1753912800000+0200)/",""
"498757","16/07/2025 14:29","","Larache","","0","0","27 MAD","/Date(1753912800000+0200)/",""
"256184","16/07/2025 12:25","","Larache","","0","0","27 MAD","/Date(1753912800000+0200)/",""
"278315","16/07/2025 12:06","","Kénitra Nord","","0","0","39 MAD","/Date(1753912800000+0200)/",""
"498757","16/07/2025 10:24","","KENITRA CENTRE","","0","0","27 MAD","/Date(1753912800000+0200)/",""
"256184","16/07/2025 10:14","684","Total AL BOUSTANE","","0","31.03","350.02 MAD","/Date(1753912800000+0200)/",""
"278315","15/07/2025 19:56","","Larache","","0","0","39 MAD","/Date(1753912800000+0200)/",""
"498757","15/07/2025 16:12","","Larache","","0","0","27 MAD","/Date(1753912800000+0200)/",""
"468565","15/07/2025 16:11","","Mly Bousselham","","0","0","11 MAD","/Date(1753912800000+0200)/",""
"468565","15/07/2025 15:34","","Larache","","0","0","11 MAD","/Date(1753912800000+0200)/",""
"498757","15/07/2025 13:16","671","Total AL BOUSTANE","","0","66.51","790.14 MAD","/Date(1753912800000+0200)/",""
"256184","15/07/2025 11:13","668","Total AL BOUSTANE","","0","40","451.2 MAD","/Date(1753912800000+0200)/",""
"278315","15/07/2025 11:01","","Kénitra Nord","","0","0","39 MAD","/Date(1753912800000+0200)/",""
"256184","15/07/2025 10:28","665","Total AL BOUSTANE","","0","37.24","420.07 MAD","/Date(1753912800000+0200)/",""
"256184","15/07/2025 10:25","664","Total AL BOUSTANE","","0","40","451.2 MAD","/Date(1753912800000+0200)/",""
"498757","15/07/2025 09:13","","KENITRA CENTRE","","0","0","27 MAD","/Date(1753912800000+0200)/",""
"278315","14/07/2025 17:41","","Larache","","0","0","39 MAD","/Date(1753912800000+0200)/",""
"498757","14/07/2025 16:42","","Larache","","0","0","27 MAD","/Date(1753912800000+0200)/",""
"476452","14/07/2025 15:18","659","Total AL BOUSTANE","","285234","44.95","498.05 MAD","/Date(1753912800000+0200)/",""
"498757","14/07/2025 13:31","","KENITRA CENTRE","","0","0","27 MAD","/Date(1753912800000+0200)/",""
"278315","14/07/2025 12:43","","Kénitra Nord","","0","0","39 MAD","/Date(1753912800000+0200)/",""
"256184","14/07/2025 11:46","","Mly Bousselham","","0","0","11 MAD","/Date(1753912800000+0200)/",""
"498757","14/07/2025 11:24","","LIXUS","","0","0","24 MAD","/Date(1753912800000+0200)/",""
"256184","14/07/2025 11:14","","M'Nasra","","0","0","14 MAD","/Date(1753912800000+0200)/",""
"256184","14/07/2025 10:32","","Larache","","0","0","27 MAD","/Date(1753912800000+0200)/",""
"498757","14/07/2025 09:47","","Kénitra Nord","","0","0","39 MAD","/Date(1753912800000+0200)/",""
"498757","14/07/2025 08:47","","Kénitra Centre","","0","0","13 MAD","/Date(1753912800000+0200)/",""
"498757","14/07/2025 08:10","","AIN ATIQ ENTR RBT","","0","0","4 MAD","/Date(1753912800000+0200)/",""
"498757","14/07/2025 07:42","","AIN ATIQ SRT RBT","","0","0","4 MAD","/Date(1753912800000+0200)/",""
"498757","13/07/2025 21:29","","AIN ATIQ ENTR RBT","","0","0","4 MAD","/Date(1753912800000+0200)/",""
"498757","13/07/2025 20:58","","BOUZNIKA PV ENTREES","","0","0","23 MAD","/Date(1753912800000+0200)/",""
"498757","13/07/2025 20:36","","Tit Méllil","","0","0","10 MAD","/Date(1753912800000+0200)/",""
"498757","13/07/2025 20:16",""," Amsekroud","","0","0","164 MAD","/Date(1753912800000+0200)/",""
"256184","13/07/2025 19:16","","Mly Bousselham","","0","0","11 MAD","/Date(1753912800000+0200)/",""
"256184","13/07/2025 17:29","","M'Nasra","","0","0","14 MAD","/Date(1753912800000+0200)/",""
"498757","13/07/2025 15:34","3784","Total DRARGA","","0","46.89","520.01 MAD","/Date(1753912800000+0200)/",""
"256184","13/07/2025 10:27","","Mly Bousselham","","0","0","14 MAD","/Date(1753912800000+0200)/",""
"256184","13/07/2025 09:43","","Larache","","0","0","11 MAD","/Date(1753912800000+0200)/",""
"256184","13/07/2025 09:06","641","Total AL BOUSTANE","","0","40","443.2 MAD","/Date(1753912800000+0200)/",""
"256184","13/07/2025 08:16","640","Total AL BOUSTANE","","0","38.81","430.01 MAD","/Date(1753912800000+0200)/",""
"477036","12/07/2025 13:56","389","Mahatta - RELAIS AL BAID","","0","45.13","500.04 MAD","/Date(1753912800000+0200)/",""
"256184","12/07/2025 10:00","312","Total ROSALES","","0","46.74","524 MAD","/Date(1753912800000+0200)/",""
"256184","11/07/2025 15:50","","M'Nasra","","0","0","27 MAD","/Date(1753912800000+0200)/",""
"256184","11/07/2025 11:50","","Mly Bousselham","","0","0","28 MAD","/Date(1753912800000+0200)/",""
"256184","11/07/2025 10:29","","Larache","","0","0","11 MAD","/Date(1753912800000+0200)/",""
"256184","11/07/2025 09:03","627","Total AL BOUSTANE","","0","40","443.2 MAD","/Date(1753912800000+0200)/",""
"468565","10/07/2025 20:41","","M'Nasra","","0","0","27 MAD","/Date(1753912800000+0200)/",""
"278315","10/07/2025 19:50","","Larache","","0","0","39 MAD","/Date(1753912800000+0200)/",""
"468565","10/07/2025 18:45","","Kénitra Centre","","0","0","13 MAD","/Date(1753912800000+0200)/",""
"468565","10/07/2025 17:47","","Kénitra Centre","","0","0","13 MAD","/Date(1753912800000+0200)/",""
"468565","10/07/2025 17:38","","Larache","","0","0","39 MAD","/Date(1753912800000+0200)/",""
"256184","10/07/2025 17:19","","M'Nasra","","0","0","27 MAD","/Date(1753912800000+0200)/",""
"256184","10/07/2025 15:34","617","Total AL BOUSTANE","","0","9.03","100 MAD","/Date(1753912800000+0200)/",""
"468565","10/07/2025 13:42","","KENITRA CENTRE","","0","0","24 MAD","/Date(1753912800000+0200)/",""
"468565","10/07/2025 10:31","","Larache","","0","0","27 MAD","/Date(1753912800000+0200)/",""
"278315","10/07/2025 10:28","","Kénitra Nord","","0","0","39 MAD","/Date(1753912800000+0200)/",""
"256184","10/07/2025 09:11","","Larache","","0","0","27 MAD","/Date(1753912800000+0200)/",""
"256184","10/07/2025 06:39","607","Total AL BOUSTANE","","0","50.1","555.11 MAD","/Date(1753912800000+0200)/",""
"278315","09/07/2025 14:45","","Kénitra Centre","","0","0","13 MAD","/Date(1753912800000+0200)/",""
"256184","09/07/2025 10:50","","Mly Bousselham","","0","0","11 MAD","/Date(1753912800000+0200)/",""
"256184","09/07/2025 09:58","","Larache","","0","0","11 MAD","/Date(1753912800000+0200)/",""
"256184","09/07/2025 08:47","586","Total AL BOUSTANE","","0","20","221.6 MAD","/Date(1753912800000+0200)/",""
"278315","08/07/2025 18:12","","Larache","","0","0","39 MAD","/Date(1753912800000+0200)/",""
"256184","08/07/2025 17:53","","M'Nasra","","0","0","27 MAD","/Date(1753912800000+0200)/",""
"476452","08/07/2025 16:03","581","Total AL BOUSTANE","","284508","40.62","450.07 MAD","/Date(1753912800000+0200)/",""
"278315","08/07/2025 09:44","","Kénitra Nord","","0","0","39 MAD","/Date(1753912800000+0200)/",""
"256184","08/07/2025 09:22","573","Total AL BOUSTANE","","0","46.63","516.66 MAD","/Date(1753912800000+0200)/",""
"256184","08/07/2025 08:33","","Larache","","0","0","27 MAD","/Date(1753912800000+0200)/",""
"477036","08/07/2025 08:09","6988","MAHATTA RELAIS BOUREGREG","","0","62.67","730.11 MAD","/Date(1753912800000+0200)/",""
"482106","07/07/2025 19:07","7044","TEMM ABRAJ","","0","27.35","300 MAD","/Date(1753912800000+0200)/",""
"278315","07/07/2025 18:46","","Larache","","0","0","39 MAD","/Date(1753912800000+0200)/",""
"477036","07/07/2025 18:11",""," Amsekroud","","0","0","164 MAD","/Date(1753912800000+0200)/",""
"468565","07/07/2025 12:02","","Kénitra Nord","","0","0","39 MAD","/Date(1753912800000+0200)/",""
"256184","07/07/2025 12:01","558","Total AL BOUSTANE","","0","40","443.2 MAD","/Date(1753912800000+0200)/",""
"468565","07/07/2025 10:54","","Kénitra Centre","","0","0","13 MAD","/Date(1753912800000+0200)/",""
"278315","07/07/2025 09:17","","Kénitra Nord","","0","0","39 MAD","/Date(1753912800000+0200)/",""
"468565","07/07/2025 08:55","","Kénitra Centre","","0","0","13 MAD","/Date(1753912800000+0200)/",""
"468565","07/07/2025 08:47","","Larache","","0","0","39 MAD","/Date(1753912800000+0200)/",""
"477036","06/07/2025 19:48","9479","TOTAL VILLE VERTE","","0","68.56","870.07 MAD","/Date(1753912800000+0200)/",""
"256184","06/07/2025 17:41","","M'Nasra","","0","0","27 MAD","/Date(1753912800000+0200)/",""
"256184","06/07/2025 16:02","545","Total AL BOUSTANE","","0","55.96","620.04 MAD","/Date(1753912800000+0200)/",""
"256184","06/07/2025 09:46","","Mly Bousselham","","0","0","14 MAD","/Date(1753912800000+0200)/",""
"256184","06/07/2025 08:04","","Larache","","0","0","11 MAD","/Date(1753912800000+0200)/",""
"256184","06/07/2025 06:39","542","Total AL BOUSTANE","","0","46.26","512.56 MAD","/Date(1753912800000+0200)/",""
"477036","05/07/2025 18:22","","Marrakech - Targa","","0","0","72 MAD","/Date(1753912800000+0200)/",""
"256184","05/07/2025 17:39","","M'Nasra","","0","0","27 MAD","/Date(1753912800000+0200)/",""
"482106","05/07/2025 13:53","8519","Mahatta - DJEBILET","","0","88.38","980.1 MAD","/Date(1753912800000+0200)/",""
"468565","05/07/2025 10:20","","Mly Bousselham","","0","0","11 MAD","/Date(1753912800000+0200)/",""
"468565","05/07/2025 09:42","","Larache","","0","0","11 MAD","/Date(1753912800000+0200)/",""
"256184","05/07/2025 08:17","","Larache","","0","0","27 MAD","/Date(1753912800000+0200)/",""
"468564","04/07/2025 20:38","","Berrechid Centre ","","0","0","164 MAD","/Date(1753912800000+0200)/",""
"256184","04/07/2025 17:58","","M'Nasra","","0","0","27 MAD","/Date(1753912800000+0200)/",""
"278315","04/07/2025 17:04","","Larache","","0","0","39 MAD","/Date(1753912800000+0200)/",""
"420178","04/07/2025 16:07","7936","Mahatta - Relais CHAOUIA","","0","25.66","300 MAD","/Date(1753912800000+0200)/",""
"476452","04/07/2025 15:03","533","Total AL BOUSTANE","","283899","62.01","687.07 MAD","/Date(1753912800000+0200)/",""
"256184","04/07/2025 11:53","528","Total AL BOUSTANE","","0","47.84","530.07 MAD","/Date(1753912800000+0200)/",""
"278315","04/07/2025 10:53","","Kénitra Nord","","0","0","39 MAD","/Date(1753912800000+0200)/",""
"256184","04/07/2025 08:34","","Larache","","0","0","27 MAD","/Date(1753912800000+0200)/",""
"256184","03/07/2025 17:27","","M'Nasra","","0","0","27 MAD","/Date(1753912800000+0200)/",""
"477036","03/07/2025 16:13","","Berrechid Centre ","","0","0","80 MAD","/Date(1753912800000+0200)/",""
"468564","03/07/2025 13:17",""," Amsekroud","","0","0","164 MAD","/Date(1753912800000+0200)/",""
"468565","03/07/2025 11:19","","Mly Bousselham","","0","0","11 MAD","/Date(1753912800000+0200)/",""
"468565","03/07/2025 10:14","","Larache","","0","0","11 MAD","/Date(1753912800000+0200)/",""
"256184","03/07/2025 08:38","","Larache","","0","0","27 MAD","/Date(1753912800000+0200)/",""
"420178","03/07/2025 08:16","2767","TOTAL 11 JANVIER","","0","34.21","400 MAD","/Date(1753912800000+0200)/",""
"256184","03/07/2025 07:51","502","Total AL BOUSTANE","","0","43.61","483.2 MAD","/Date(1753912800000+0200)/",""
"278315","02/07/2025 17:50","","Larache","","0","0","39 MAD","/Date(1753912800000+0200)/",""
"256184","02/07/2025 17:12","","M'Nasra","","0","0","27 MAD","/Date(1753912800000+0200)/",""
"477036","02/07/2025 14:45","","Barrière Principale Bouz","","0","0","23 MAD","/Date(1753912800000+0200)/",""
"256184","02/07/2025 11:43","491","Total AL BOUSTANE","","0","40","443.2 MAD","/Date(1753912800000+0200)/",""
"278315","02/07/2025 10:10","","Kénitra Nord","","0","0","39 MAD","/Date(1753912800000+0200)/",""
"256184","02/07/2025 08:29","","Larache","","0","0","27 MAD","/Date(1753912800000+0200)/",""
"477036","02/07/2025 01:20","","BOUZNIKA PV ENTREES","","0","0","23 MAD","/Date(1753912800000+0200)/",""
"477036","01/07/2025 20:50","","Barrière Principale Bouz","","0","0","23 MAD","/Date(1753912800000+0200)/",""
"278315","01/07/2025 18:00","","Larache","","0","0","39 MAD","/Date(1753912800000+0200)/",""
"256184","01/07/2025 17:06","","M'Nasra","","0","0","27 MAD","/Date(1753912800000+0200)/",""
"278315","01/07/2025 12:11","","Kénitra Nord","","0","0","39 MAD","/Date(1753912800000+0200)/",""
"256184","01/07/2025 08:33","","Larache","","0","0","27 MAD","/Date(1753912800000+0200)/",""
"256184","01/07/2025 08:14","7","Total ROSALES","","0","44.6","500 MAD","/Date(1753912800000+0200)/",""
"476452","30/06/2025 21:31","1863","Total AVENIR","","283131","42.54","450.07 MAD","/Date(1753912800000+0200)/",""
"477036","30/06/2025 19:22","","BOUZNIKA PV ENTREES","","0","0","23 MAD","/Date(1753912800000+0200)/",""
"256184","30/06/2025 17:49","","M'Nasra","","0","0","27 MAD","/Date(1753912800000+0200)/",""
"477036","30/06/2025 17:47","","Mohammédia Est (Vers Cas","","0","0","11 MAD","/Date(1753912800000+0200)/",""
"477036","30/06/2025 17:33","","Tit Méllil","","0","0","10 MAD","/Date(1753912800000+0200)/",""
"482106","30/06/2025 17:23","8846","Mahatta - RELAIS AL BAID","","0","79.82","850.08 MAD","/Date(1753912800000+0200)/",""
"256184","30/06/2025 09:53","465","Total AL BOUSTANE","","0","60","639 MAD","/Date(1753912800000+0200)/",""
"256184","30/06/2025 08:29","","Larache","","0","0","27 MAD","/Date(1753912800000+0200)/",""
"256184","30/06/2025 07:44","462","Total AL BOUSTANE","","0","37.56","400.01 MAD","/Date(1753912800000+0200)/",""